Site Name,Site Address,Site City,Site State,Site Zip Code,County
FCI - Beckley,1600 Industrial Park Rd,Beaver,WV,25813-9529,Raleigh
FCI - Gilmer,201 Fci Ln,Glenville,WV,26351-9500,Gilmer
FCI - McDowell,101 Federal Dr,Welch,WV,24801-9756,McDowell
DENTAL CENTER OF TAYLOR COUNTY,711 N Pike St,Grafton,WV,26354-1221,Taylor
EGLON CLINIC,2604 Grange Hall Rd,Eglon,WV,26716-8774,Preston
Mountaintop Dental Center,132 Cortland Acres Ln,Thomas,WV,26292-8070,Tucker
Mountaintop Health Center,30 Cortland Acres Ln,Thomas,WV,26292-8066,Tucker
MT. STORM HEALTH CENTER,14311 George Washington Hwy,Mount Storm,WV,26739-8757,Grant
Newburg Clinic,PO BOX 159,Newburg,WV,26410-0159,Preston
PRESTON-TAYLOR COMMUNITY HEALTH,725 N Pike St,Grafton,WV,26354-1270,Taylor
Preston-Taylor Pharmacy,25 W Bluemont St,Grafton,WV,26354-1242,Taylor
Rowlesburg Clinic,83 Poplar St,Rowlesburg,WV,26425-1124,Preston
"William R. Sharpe, Jr. Hospital",936 Sharpe Hospital Rd,Weston,WV,26452-8550,Lewis
COMMUNITY HEALTH SYSTEMS,252 Rural Acres Dr,Beckley,WV,25801-3503,Raleigh
MONONGAHELA VALLEY ASSOCIATION OF HEALTH CENTE...,1322 Locust Ave,Fairmont,WV,26554-1436,Marion
VALLEY HEALTH - 10TH STREET,540 10th St,Huntington,WV,25701-2217,Cabell
VALLEY HEALTH - A WOMAN'S PLACE,1630 13th Ave,Huntington,WV,25701-3812,Cabell
VALLEY HEALTH - CABELL MIDLAND HIGH SCHOOL,2300 US Route 60,Ona,WV,25545-9712,Cabell
VALLEY HEALTH - CARL JOHNSON,307 5th Ave,Huntington,WV,25702-1815,Cabell
VALLEY HEALTH - EAST HUNTINGTON,3377 US Route 60,Huntington,WV,25705-2837,Cabell
VALLEY HEALTH - ENT,3 Stonecrest Dr,Huntington,WV,25701-9392,Cabell
Valley Health - FoodFair Route 60,6350 US Route 60 E,Barboursville,WV,25504-1232,Cabell
VALLEY HEALTH - FORT GAY,71 Wayne St,Fort Gay,WV,25514-8518,Wayne
VALLEY HEALTH - HARTS,22 Fleming Dr,Harts,WV,25524-9788,Lincoln
VALLEY HEALTH - HARTS INTERMEDIATE SCHOOL,1246 Mcclellan Hwy,Harts,WV,25524-9524,Lincoln
VALLEY HEALTH - HIGHLAWN,2585 3rd Ave,Huntington,WV,25703-1642,Cabell
VALLEY HEALTH - HUNTINGTON,1301 Hal Greer Blvd,Huntington,WV,25701-3803,Cabell
VALLEY HEALTH - HUNTINGTON HIGH SCHOOL,1 Highlander Way,Huntington,WV,25701-5261,Cabell
VALLEY HEALTH - HURRICANE,3729 Teays Valley Rd STE 100,Hurricane,WV,25526-9705,Putnam
VALLEY HEALTH - MILTON AT HARBOUR WAY,1 Harbour Way,Milton,WV,25541-1545,Cabell
Valley Health - Point Pleasant Fruth,2501 Jackson Ave,Point Pleasant,WV,25550-2035,Mason
VALLEY HEALTH - POINT PLEASANT PEDIATRICS,2801 Jackson Ave,Point Pleasant,WV,25550-1713,Mason
VALLEY HEALTH - SOUTHSIDE,723 9th Ave,Huntington,WV,25701-2718,Cabell
VALLEY HEALTH - SOUTHSIDE ELEMENTARY/HUNTINGTO...,10th Ave & 3rd St,Huntington,WV,25701,Cabell
VALLEY HEALTH - SPRING VALLEY HIGH SCHOOL,1 Timberwolf Ln,Huntington,WV,25704-9377,Wayne
VALLEY HEALTH - STEPPTOWN,3 Adena Dr,Kermit,WV,25674-8063,Wayne
VALLEY HEALTH - TEAYS VALLEY,1100 Hospital Dr,Hurricane,WV,25526-8712,Putnam
VALLEY HEALTH - UPPER KANAWHA,408 Alexander St,Cedar Grove,WV,25039,Kanawha
Valley Health - Wayne,42 Mcginnis Dr,Wayne,WV,25570-9553,Wayne
VALLEY HEALTH - WAYNE HIGH SCHOOL,100 Pioneer Rd,Wayne,WV,25570-9504,Wayne
VALLEY HEALTH - WESTMORELAND,2908 Auburn Rd,Huntington,WV,25704-2715,Wayne
Valley Health Mobile Unit,4270 US Route 60,Huntington,WV,25705-2936,Cabell
Valley Health Pea Ridge,4270 US Route 60,Huntington,WV,25705-2936,Cabell
Valley Health- KidCare,4407 Maccorkle Ave SE BLDG,Charleston,WV,25304-2541,Kanawha
VALLEY HEALTH- MILTON,1347 Hillview Dr,Milton,WV,25541-1513,Cabell
Valley Health- Oakwood Road,864 Oakwood Rd,Charleston,WV,25314-2010,Kanawha
Valley Health- Pea Ridge,5636 US Route 60,Huntington,WV,25705-2148,Cabell
Valley Health- Teays Pediatrics,111 Great Teays Blvd,Scott Depot,WV,25560-9548,Putnam
Valley Health- Woodruff &amp; Gonzales Dental,1319 Hal Greer Blvd,Huntington,WV,25701-3803,Cabell
WHEELING HEALTH RIGHT CENTER,61 29th St,Wheeling,WV,26003-4161,Ohio
ABU Wellness Center,101 College Hill Dr,Philippi,WV,26416-4600,Barbour
Belington Medical Clinic,70 N Sturmer St,Belington,WV,26250-7403,Barbour
Brandon Wellness Center,99 Horseshoe Dr,Philippi,WV,26416-0059,Barbour
Myers Clinic,116 McClellan Rd,Philippi,WV,26416-8076,Barbour
The Myers Clinic,3 Healthcare Dr,Philippi,WV,26416-9405,Barbour
BOONE MEMORIAL HOSPITAL MEDICAL CLINIC,660A S Main St,Madison,WV,25130-1245,Boone
Cabin Creek Health Administration,104 Alex Ln,Charleston,WV,25304-2952,Kanawha
"CABIN CREEK HEALTH CENTER, INC.",Route 79,Dawes,WV,25054-0070,Kanawha
CCHS Mobile Health Clinic,104 Alex Ln,Charleston,WV,25304-2952,Kanawha
Clendenin Health Center,107 Koontz Ave STE 200,Clendenin,WV,25045-9581,Kanawha
Cubs Wellness Center/Sharon Dawes Elementary,4933 Cabin Creek Rd,Miami,WV,25134-5000,Kanawha
Elk River Health Center,5120 Elk River Rd N,Elkview,WV,25071-9722,Kanawha
Herbert Hoover Health Center,275 Elk River Rd S,Clendenin,WV,25045-9716,Kanawha
Indian Health Center,6100 Sissonville Dr,Charleston,WV,25312-9444,Kanawha
Kanawha City Health Center,4602 Maccorkle Ave SE,Charleston,WV,25304-1848,Kanawha
Pioneer Health Center,1st Ave & Brannon St,East Bank,WV,25067,Kanawha
RIVERSIDE HEALTH CENTER,"1 Warrior Way, Ste 103",Belle,WV,25015-1356,Kanawha
Sissonville Health Center,6135 Sissonville Dr,Charleston,WV,25312-9444,Kanawha
Sunnyside Health Center,108 Lee St E STE 129,Charleston,WV,25301-1506,Kanawha
CHC OF NORTHEASTERN WETZEL CTY,60 May Ln STE 102,Burton,WV,26562-9669,Wetzel
CLAY-BATTELLE COMMUNITY HEALTH CENTER,5861 Mason Dixon Hwy,Blacksville,WV,26521-8300,Monongalia
Community Health Center of Northeastern Wetzel...,1855 Hornet Hwy,Burton,WV,26562,Wetzel
Bobcat Health Center,8130 Court Ave,Hamlin,WV,25523-1434,Lincoln
CRHS Tiger Center for Health,506 Crawley Creek Rd,Chapmanville,WV,25508-7002,Logan
Dennis' Pharmacy,6 1st St,Hamlin,WV,25523-1179,Lincoln
Downtown Brewer Building,339 Walnut St,Hamlin,WV,25523-1405,Lincoln
Downtown Hamlin Old Town Hall Rental,361 Walnut St,Hamlin,WV,25523-1405,Lincoln
Downtown Turley Building,351 Walnut St,Hamlin,WV,25523-1405,Lincoln
Duval Middle School Health Center,5304 Straight Frk,Griffithsville,WV,25521-9504,Lincoln
Guyan Valley Wellness Center,5322 Mcclellan Hwy,Branchland,WV,25506-8725,Lincoln
LCHS Panther Center for Health,81 Lincoln Panther Way,Hamlin,WV,25523-1169,Lincoln
"Lincoln Co. Primary Care Center, Inc. -  Billi...",353 Walnut St,Hamlin,WV,25523-1405,Lincoln
"LINCOLN COUNTY PRIMARY CARE CENTER, INC.",7400 Lynn Ave,Hamlin,WV,25523-1138,Lincoln
Lincoln Education Wellness Center,10 Marland Ave,Hamlin,WV,25523-1058,Lincoln
Lincoln Sundry Offices,357 Walnut St,Hamlin,WV,25523-1405,Lincoln
Logan Wildcat Health Center,1 Wildcat Way,Logan,WV,25601,Logan
Medical Care Coordinators Building,5 2nd St,Hamlin,WV,25523-1171,Lincoln
Mustang Health Center,267 Midway Rd,Alum Creek,WV,25003-9591,Lincoln
Pioneer Health Center,1 Pioneer Path,Man,WV,25635-1235,Logan
Ranger Health Center,59 Vanatters Crk,Ranger,WV,25557-9719,Lincoln
Salt Rock Medical Center,5490 RT 10,Salt Rock,WV,25559-9736,Cabell
Sherman Elementary Health Center,7487 Coal River Rd,Comfort,WV,25049,Boone
Sherman Junior/Senior High Health Center,10008 Coal River Rd,Seth,WV,25181,Boone
Southern West Virginia Health System,1563 Sand Plant Rd,Charleston,WV,25309-6120,Kanawha
Southern West Virginia Health System - Delbarton,5027 Helena Ave,Delbarton,WV,25670-1301,Mingo
Southern West Virginia Health System - Oceana,26 Trinity Ln,Oceana,WV,24870,Wyoming
Southern West Virginia Health System - Wharton,35767 Pond Fork Rd,Wharton,WV,25208,Boone
Southern West Virginia Health System - Whitesv...,37456 Coal River Rd,Whitesville,WV,25209-9077,Boone
Southern West Virginia Health System-Gilbert,202 Larry Joe Harless Dr,Gilbert,WV,25621,Mingo
Southern West Virginia Health System-Logan,122 Nick Savas Dr,Logan,WV,25601-3468,Logan
Southern West Virginia Health System-Madison,471 Main St,Madison,WV,25130-1223,Boone
Southern West Virginia Health System-Man,600 E McDonald Ave,Man,WV,25635-1023,Logan
Calhoun Gilmer Career Center,5260 E Little Kanawha Hwy,Grantsville,WV,26147-8167,Calhoun
CALHOUN MEDICAL/DENTAL CLINIC,186 Hospital Dr BLDG 3,Grantsville,WV,26147-7100,Calhoun
Glenville Behavioral Health Office,1491 Wv Highway 5 E STE 1,Glenville,WV,26351-7659,Gilmer
Glenville Elementary SBH,99 Fairground Rd,Glenville,WV,26351-1305,Gilmer
Glenville Medical Office,376 WV Highway 5 E,Glenville,WV,26351-7602,Gilmer
Glenville Office,921 Mineral Rd STE 101,Glenville,WV,26351-1342,Gilmer
MHHCC ARNOLDSBURG SCHOOL SBH,90 Spring Run Rd,Arnoldsburg,WV,25234-7096,Calhoun
MHHCC CALHOUN MIDDLE/ HIGH SBH,50 Underwood Cir,Mount Zion,WV,26151-8556,Calhoun
MHHCC GILMER HIGH SCHOOL SBH,300 Pine St,Glenville,WV,26351-1240,Gilmer
MHHCC GLENVILLE STATE COLLEGE,200 High St,Glenville,WV,26351-1200,Gilmer
MHHCC PLEASANT HILL SCHOOL SBH,3254 N Calhoun Hwy,Grantsville,WV,26147-7012,Calhoun
MINNIE HAMILTON HEALTH CARE CENTER,186 Hospital Dr,Grantsville,WV,26147-7100,Calhoun
Minnie Hamilton Health System - Arnoldsburg,80 Spring Run Rd,Arnoldsburg,WV,25234-7096,Calhoun
MINNIE HAMILTON HLTH CARE ANNEX,186 Hospital Dr BLDG 2,Grantsville,WV,26147-7100,Calhoun
MVA Health Center - East Fairmont High School ...,1993 Airport Rd,Fairmont,WV,26554-9138,Marion
MVA Health Center - Fairmont,1322 Locust Ave,Fairmont,WV,26554-1436,Marion
MVA Health Center - Mannington,118 Market St,Mannington,WV,26582-1131,Marion
MVA Health Center - North Marion High School W...,1 North Marion Dr,Farmington,WV,26571-9717,Marion
MVA Health Center - Pediatrics,1338 Locust Ave,Fairmont,WV,26554-1436,Marion
MVA Health Center - Shinnston,1 Columbia Rd,Shinnston,WV,26431-1016,Harrison
James Monroe Wellness Center,142 James Monroe Dr,Lindside,WV,24951-7168,Monroe
Kilcollin Dental,247 Health Center Dr,Union,WV,24983-8463,Monroe
MONROE COUNTY HEALTH CENTER,200 Health Center Dr,Union,WV,24983-8442,Monroe
MONROE HEALTH CENTER - FOREST HILL,180 Old Schoolhouse Rd,Forest Hill,WV,24935-9226,Summers
MONROE HEALTH CENTER-PETERSTOWN,2869 Seneca Trl S,Peterstown,WV,24963-5037,Monroe
MOUNTAIN VIEW WELLNESS CENTER,620 SCHOOL STREET,Union,WV,24983,Monroe
Peterstown Wellness Center,5414 Ballard Red Sulphur Pkwy,Ballard,WV,24918,Monroe
Temporary Site - Church of God – Fellowship Ce...,96 Bud Ridge Rd,Union,WV,24983-9517,Monroe
Coalfield Health Center,386 Airport Rd,Chapmanville,WV,25508-9202,Logan
Coalfield Health Center - Administrative Site,38 Albany Dr,Chapmanville,WV,25508,Logan
Coalfield Health Center - Building B,384 Airport Rd,Chapmanville,WV,25508-9202,Logan
Coalfield Health Center - Main Street Location,594 S Main St,Chapmanville,WV,25508-5001,Logan
Coalfield Health Foundation Building,400 Airport Rd,Chapmanville,WV,25508-9231,Logan
Administration,242 E 2nd Ave,Williamson,WV,25661-3645,Mingo
Alderson Clinic - Suite 1000,859 Alderson St,Williamson,WV,25661-3215,Mingo
Gilbert Health Center,2475 US-52,Gilbert,WV,25621,Mingo
WHWC Administration Office,182 E 2nd Ave,Williamson,WV,25661-3602,Mingo
WHWC SUD Clinic,104 Logan St,Williamson,WV,25661-3606,Mingo
Williamson Dental Clinic,180 E 2nd Ave,Williamson,WV,25661-3602,Mingo
Williamson Health and Wellness Center,184 E 2nd Ave STE 210,Williamson,WV,25661-3602,Mingo
Williamson Health and Wellness Center,186 E 2nd Ave,Williamson,WV,25661-3602,Mingo
Williamson Health and Wellness Center - Downst...,184 E 2nd Ave STE 1,Williamson,WV,25661-3602,Mingo
Williamson School-Based Health Center,5 Parkway Dr,Williamson,WV,25661-3428,Mingo
Adamston Elementary School Wellness Center,1636 W Pike St,Clarksburg,WV,26301-2361,Harrison
Alternative Learning Center Wellness Center,1040 Wilsonburg Rd,Clarksburg,WV,26301-6511,Harrison
Big Elm Elementary School Wellness Center,200 Tetrick Rd,Shinnston,WV,26431-9704,Harrison
Big Otter Elementary Wellness Center,59 Ossia Rd,Duck,WV,25063-8500,Clay
Braxton County High School Wellness Center,200 Jerry Burton Dr,Sutton,WV,26601-9768,Braxton
Braxton County Middle School Wellness Center,100 Carter Braxton Dr,Sutton,WV,26601-9773,Braxton
Bridgeport High School Wellness Center,515 Johnson Ave,Bridgeport,WV,26330-1311,Harrison
Bridgeport Middle School Wellness Center,413 Johnson Ave,Bridgeport,WV,26330-1309,Harrison
Buckhannon Academy Elementary School Wellness ...,16 College Ave,Buckhannon,WV,26201-2628,Upshur
Buckhannon-Upshur High School Wellness Center,50 Bu Dr,Buckhannon,WV,26201-9411,Upshur
Buckhannon-Upshur Middle School Wellness Center,PO BOX 303,Buckhannon,WV,26201-0303,Upshur
Burnsville Elementary School Wellness Center,228 Kanawha Ave,Burnsville,WV,26335-7700,Braxton
CareXpress of Buckhannon,77 W Main St,Buckhannon,WV,26201-2236,Upshur
Clay Elementary School Wellness Center,168 Church St,Clay,WV,25043-9420,Clay
Clay High School Wellness Center,1 Panther Dr,Clay,WV,25043,Clay
Clay Middle School Wellness Center,236 Church St,Clay,WV,25043-9412,Clay
Community Care Connections of Buckhannon,34 N Kanawha St,Buckhannon,WV,26201-2714,Upshur
Community Care Connections of Flatwoods,235 Skidmore Ln,Sutton,WV,26601,Braxton
Community Care Connections of Weston,133 Staunton Dr,Weston,WV,26452-5604,Lewis
Community Care of Big Otter,797 Clinic Dr,Ivydale,WV,25113-8263,Clay
Community Care of Bridgeport,65 Professional Pl,Bridgeport,WV,26330-0258,Harrison
Community Care of Buckhannon,37 Main St,Buckhannon,WV,26201-2716,Upshur
Community Care of Clarksburg,700 Oakmound Rd,Clarksburg,WV,26301-9398,Harrison
Community Care of Clay,122 Center St,Clay,WV,25043-7046,Clay
Community Care of Flatwoods,266 Skidmore Ln,Sutton,WV,26601-9271,Braxton
Community Care of Flatwoods Extension Office,249 Skidmore Ln,Sutton,WV,26601-9272,Braxton
Community Care of Flatwoods II,273 Skidmore Ln,Sutton,WV,26601-9272,Braxton
Community Care of Green Bank,4498 Potomac Highlands Trl,Green Bank,WV,24944,Pocahontas
Community Care of Helvetia,Pickens Rd,Helvetia,WV,26224,Randolph
Community Care of Marlinton,821 3rd Ave,Marlinton,WV,24954-1015,Pocahontas
Community Care of Rock Cave,78 Queens Alley Rd,Rock Cave,WV,26234-5890,Upshur
Community Care of West Milford,597 Liberty St,West Milford,WV,26451-6801,Harrison
Community Care of Weston,149 Staunton Dr,Weston,WV,26452-5604,Lewis
Community Care of Weston II,107 Staunton Dr,Weston,WV,26452-5604,Lewis
Community Care Pediatrics of Buckhannon,4 Northridge Dr STE 118,Buckhannon,WV,26201-8484,Upshur
Community Dental Care of Green Bank,6404 Potomac Highlands Trl,Green Bank,WV,24944-9091,Pocahontas
Davis and Elkins College Wellness Center,70 Graceland Dr Rm 206,Elkins,WV,26241-4121,Randolph
Davis Elementary School Wellness Center,113 5th St,Gassaway,WV,26624-1224,Braxton
Flatwoods Elementary School Wellness Center,142 Flatwoods Corner Rd,Flatwoods,WV,26621-1112,Braxton
Frametown Elementary School Wellness Center,HC 61,Frametown,WV,26623,Braxton
French Creek Elementary School Wellness Center,7619 Route 20 South Rd,French Creek,WV,26218-2005,Upshur
Genesis Youth Crisis Wellness Center,591 Kappa Sigma Pi Dr,Clarksburg,WV,26301-7674,Harrison
Green Bank Elementary-Middle School Wellness C...,5917 Potomac Highlands Trl,Green Bank,WV,24944-9099,Pocahontas
HE White Elementary School Wellness Center,501 Bomont Rd,Bomont,WV,25030-9666,Clay
Jane Lew Elementary School Wellness Center,6536 Main St,Jane Lew,WV,26378-8505,Lewis
Johnson Elementary School Wellness Center,601 Johnson Ave,Bridgeport,WV,26330-1971,Harrison
Leading Creek Elementary School Wellness Center,15300 US Highway 33 W,Linn,WV,26384-9322,Lewis
Liberty High School Wellness Center,1 Mountaineer Dr,Clarksburg,WV,26301-5511,Harrison
Lincoln Middle and High School Wellness Center,78 Jerry Toth Dr,Shinnston,WV,26431-8502,Harrison
Little Birch Elementary School Wellness Center,55 Little Birch Rd,Sutton,WV,26601-9469,Braxton
Lizemore Elementary School Wellness Center,100 Lizemore Lions Rd,Lizemores,WV,25125,Clay
Lost Creek Elementary School Wellness Center,128 College St,Lost Creek,WV,26385,Harrison
Lumberport Elementary School Wellness Center,38 E Lyndon St,Lumberport,WV,26386-8351,Harrison
Marlinton Elementary School Wellness Center,926 5th Ave STE A,Marlinton,WV,24954-1264,Pocahontas
Marlinton Middle School Wellness Center,Route 2 Box 525,Buckeye,WV,24924,Pocahontas
Mountaineer Middle School Wellness Center,2 Mountaineer Dr,Clarksburg,WV,26301-5511,Harrison
North View Elementary School Wellness Center,1400 N 19th St,Clarksburg,WV,26301-1644,Harrison
Norwood Elementary School Wellness Center,208 Kidd Ave,Stonewood,WV,26301-4833,Harrison
Nutter Fort Intermediate School Wellness Center,1302 Buckhannon Pike,Nutter Fort,WV,26301-4406,Harrison
Nutter Fort Primary School Wellness Center,1302 Buckhannon Pike,Nutter Fort,WV,26301-4406,Harrison
Peterson-Central Elementary School Wellness Ce...,509 Berlin Rd,Weston,WV,26452-8323,Lewis
Pocahontas County High School Wellness Center,271 Warrior Way,Dunmore,WV,24934-9048,Pocahontas
Roanoke Elementary School Wellness Center,1176 Oil Creek Rd,Roanoke,WV,26447-8263,Lewis
Robert Bland Middle School Wellness Center,358 Court Ave,Weston,WV,26452-2008,Lewis
Robert C Byrd High School Wellness Center,1 Eagle Way,Clarksburg,WV,26301-9784,Harrison
Salem Elementary School Wellness Center,273 Education Way,Salem,WV,26426-7524,Harrison
Simpson Elementary School Wellness Center,250 Worthington Dr,Bridgeport,WV,26330-1449,Harrison
South Harrison High School Wellness Center,3073 Hawk Hwy,Lost Creek,WV,26385-6846,Harrison
South Harrison Middle School Wellness Center,3003 Hawk Hwy,Lost Creek,WV,26385-6846,Harrison
Sutton Elementary School Wellness Center,288 N Hill Rd,Sutton,WV,26601-1225,Braxton
Temporary Site - Clay Fitness Center,124 Center St,Clay,WV,25043-7046,Clay
Union Elementary School Wellness Center,481 Heavner Grove Rd,Buckhannon,WV,26201-4859,Upshur
United Technical Center Wellness Center,251 Marietta St,Clarksburg,WV,26301-6313,Harrison
Upshur County PALS Wellness Center,33 E Victoria St,Buckhannon,WV,26201-2671,Upshur
Victory Elementary School Wellness Center,1349 Shinnston Pike,Clarksburg,WV,26301-6307,Harrison
Washington District Elementary School Wellness...,5078 Tallmansville Rd,Buckhannon,WV,26201-1687,Upshur
Washington Irving Middle School Wellness Center,443 Lee Ave,Clarksburg,WV,26301-3648,Harrison
West Milford Elementary School Wellness Center,226 School St,West Milford,WV,26451-9700,Harrison
West Virginia Wesleyan College Wellness Center,59 College Ave,Buckhannon,WV,26201-2600,Upshur
ROANE COUNTY FAMILY HEALTH CARE,146 Williams Dr,Spencer,WV,25276-1826,Roane
Camden Family Health,100 School St,Craigsville,WV,26205-8572,Nicholas
Camden Family Health,300 Minuteman Dr,Weston,WV,26452-2200,Lewis
Camden Family Health,16414 Webster Rd,Craigsville,WV,26205-8512,Nicholas
Camden Family Health,71 Avenue a,Richwood,WV,26261-1204,Nicholas
Camden Family Health,415 Main St,Summersville,WV,26651-1343,Nicholas
Camden Family Health - Ansted,101 Florence St,Ansted,WV,25812-5200,Fayette
Camden Family Health - Cherry River,190 Riverside Dr RM 2109,Richwood,WV,26261-1251,Nicholas
Camden Family Health - Cowen Office,56 Park St,Cowen,WV,26206-3302,Webster
Camden Family Health - Little Beaver Creek,16130 Webster Rd,Craigsville,WV,26205-8858,Nicholas
Camden Family Health - Mobile,415 Main St,Summersville,WV,26651-1343,Nicholas
Camden Family Health - Panther Creek,110 Panther Creek Elementary Rd,Nettie,WV,26681-1200,Nicholas
Camden Family Health - Red Oak Drive,46 Red Oak Dr,Craigsville,WV,26205-3102,Nicholas
Camden Family Health - Summersville Admin,412 Main St,Summersville,WV,26651-1319,Nicholas
Camden Family Health - Summersville Elementary...,70 Grade School Ln,Summersville,WV,26651-1897,Nicholas
Camden Family Health Cherry River Mobile,190 Riverside Dr,Richwood,WV,26261-1251,Nicholas
Camden Family Vision Center,651 Water St,Summersville,WV,26651-1454,Nicholas
CAMDEN-ON-GAULEY MEDICAL CENTER,10003 Webster Rd,Camden On Gauley,WV,26208-7713,Webster
Hacker Valley Elementary School,11 School Loop Rd,Hacker Valley,WV,26222-8463,Webster
Kathleen &amp; John Faltis Child Shelter,477 Scenic Hwy,Summersville,WV,26651-4320,Nicholas
Webster County School Based Community Health C...,1 Highlander Dr,Upperglade,WV,26266-9400,Webster
Webster Springs Elementary School,318 River Dr BLDG,Webster Springs,WV,26288-1178,Webster
FamilyCare Health Center - Barboursville,2 Chateau Grove Ln,Barboursville,WV,25504-1626,Cabell
FamilyCare Health Center - Children's Medicine...,800 Pennsylvania Ave,Charleston,WV,25302-3351,Kanawha
FamilyCare Health Center - Cross Lanes,5161 Washington St W,Cross Lanes,WV,25313-1535,Kanawha
FamilyCare Health Center - Eleanor,503 Roosevelt Blvd,Eleanor,WV,25070-1390,Putnam
FamilyCare Health Center - Hurricane,3911 Teays Valley Rd,Hurricane,WV,25526-9604,Putnam
FamilyCare Health Center - Lee Street,1220 Lee St E STE 201,Charleston,WV,25301-1864,Kanawha
FamilyCare Health Center - Madison,515 Main St,Madison,WV,25130-1417,Boone
FamilyCare Health Center - Marmet,9709 Maccorkle Ave STE B,Marmet,WV,25315-1847,Kanawha
FamilyCare Health Center - Mary C. Snow West S...,100 Florida St,Charleston,WV,25302-1131,Kanawha
FamilyCare Health Center - Mobile Dental,116 Hills Plz,Charleston,WV,25387-2438,Kanawha
FamilyCare Health Center - OB/GYN &amp; Birth ...,108 Washington St W STE 201,Charleston,WV,25302-2344,Kanawha
FamilyCare Health Center - Patrick Street,116 Hills Plz,Charleston,WV,25387-2438,Kanawha
FamilyCare Health Center - Putnam Career & Tec...,300 Roosevelt Blvd,Eleanor,WV,25070-7702,Putnam
FamilyCare Health Center - Putnam County Mobil...,503 Roosevelt Blvd,Eleanor,WV,25070-1390,Putnam
FamilyCare Health Center - St. Albans,12 Kanawha Ter,Saint Albans,WV,25177-2750,Kanawha
FamilyCare Health Center - St. Albans Mobile,12 Kanawha Ter,Saint Albans,WV,25177-2750,Kanawha
FamilyCare Health Center - Teays Valley,"97 Great Teays Blvd, Ste 6",Scott Depot,WV,25560-9816,Putnam
FamilyCare Health Center - West Virginia State...,301 Washington Ave,Dunbar,WV,25064-3420,Kanawha
FamilyCare Health Center SBHC -  Winfield Midd...,11883 Winfield Rd,Winfield,WV,25213-7915,Putnam
FamilyCare Health Center SBHC - Buffalo Elemen...,19366 Buffalo Rd,Buffalo,WV,25033-7468,Putnam
FamilyCare Health Center SBHC - Capital High S...,1500 Greenbrier St STE 160,Charleston,WV,25311-1007,Kanawha
FamilyCare Health Center SBHC - George Washing...,Roosevelt Blvd,Eleanor,WV,25070,Putnam
FamilyCare Health Center SBHC - Stonewall Jack...,812 Park Ave RM 035,Charleston,WV,25302-2524,Kanawha
FamilyCare Health Center SBHC - Winfield Eleme...,75 Wall St,Winfield,WV,25213-9663,Putnam
FamilyCare Health Center SBHC - Winfield High ...,11268 Winfield Rd,Winfield,WV,25213-7935,Putnam
FamilyCare Health Centers - Hurricane West,3109 Teays Valley Rd,Hurricane,WV,25526-1318,Putnam
FamilyCare Health Centers - Pennsylvania Ave,830 Pennsylvania Ave STE 402,Charleston,WV,25302-3390,Kanawha
FamilyCare Health Centers - South Charleston,4513 Maccorkle Ave SW,South Charleston,WV,25309-1408,Kanawha
FamilyCare HealthCenter SBHC - George Washingt...,Eleanor Cir,Eleanor,WV,25070,Putnam
PCC and Distribution Center,822 6th Ave,Saint Albans,WV,25177-2919,Kanawha
Poca School Mobile Unit,503 Roosevelt Blvd,Eleanor,WV,25070-1390,Putnam
Recovery Point of Charleston,501 Stockton St,Charleston,WV,25387-2429,Kanawha
"Mountaineer Community Health Center, Inc.",783 Winchester St,Paw Paw,WV,25434-3258,Morgan
Lisa Elliott Health Center,75 Spyrock Loop Rd,Lookout,WV,25868-1100,Fayette
Mt. Hope Dental,729 Main St,Mount Hope,WV,25880-1318,Fayette
New River Health - Fayetteville,221 W Maple Ave,Fayetteville,WV,25840-1413,Fayette
New River Health - Scarbro,908 Scarbro Rd,Scarbro,WV,25917-8837,Fayette
New River Health - Smithers,2 Greyhound Ln,Smithers,WV,25186,Fayette
New River Health - Sophia,302 W Main St,Sophia,WV,25921,Raleigh
New River Health - Summersville,315 Fairview Heights Rd,Summersville,WV,26651-1086,Nicholas
New River Health - Whipple,57 Sutphin Ln,Scarbro,WV,25917-8817,Fayette
New River Health Medical Mall,497 Mall Rd,Oak Hill,WV,25901-6115,Fayette
New River Health Pharmacy - Fayetteville,217 W Maple Ave,Fayetteville,WV,25840-1413,Fayette
New River Health SBHC - Coal City Elementary,900 Independence Rd,Slab Fork,WV,25920,Raleigh
New River Health SBHC - Fayetteville,515 W Maple Ave,Fayetteville,WV,25840-1419,Fayette
New River Health SBHC - Independence High School,850 Independence Rd,Sophia,WV,25921-7748,Raleigh
New River Health SBHC - Independence Middle Sc...,800 Independence Rd,Sophia,WV,25921-7748,Raleigh
New River Health SBHC - Mt. Hope Elementary,204 S Mountain Ave,Mount Hope,WV,25880-1129,Fayette
New River Health SBHC - New River Intermediate,262 Oyler Ave,Oak Hill,WV,25901-2639,Fayette
New River Health SBHC - New River Primary,308 W Oyler Ave,Oak Hill,WV,25901-2174,Fayette
New River Health SBHC - Oak Hill  High School,350 W Oyler Ave,Oak Hill,WV,25901-2176,Fayette
New River Health SBHC - Summersville,30 Grizzley Ln,Summersville,WV,26651-9736,Nicholas
New River Health SBHC - Valley,59 Greyhound Ln,Smithers,WV,25186,Fayette
NRHA Mobile Unit 1,75 Spyrock Loop Rd,Lookout,WV,25868-1100,Fayette
Robinson Annex,61 Sutphin Ln,Scarbro,WV,25917-8817,Fayette
"Logan Mingo Area Mental Health, Inc.",174 Lmah Center Rd,Logan,WV,25601-4058,Logan
"Logan Mingo Area Mental Health, Inc.",2954 Buffalo Creek Rd,Williamson,WV,25661-6821,Mingo
FAMILY HEALTH CARE ASSOCIATES,113 Main Ave,Pineville,WV,24874,Wyoming
FAMILY HEALTHCARE ASSOCIATES,PO BOX 1710,Oceana,WV,24870-1710,Wyoming
FAMILY HEALTHCARE ASSOCIATES,205 Howard Ave,Mullens,WV,25882-1420,Wyoming
FAMILY HEALTHCARE ASSOCIATES,114 Main St,Man,WV,25635-1212,Logan
FAMILY HEALTHCARE ASSOCIATES - WELCH,19771 Coal Heritage Rd,Welch,WV,24801-9825,McDowell
Bluestone Family Practice,701 Bland St,Bluefield,WV,24701-3503,Mercer
Bluestone Health Association Inc. _Bluestone H...,3997 Beckley Rd,Princeton,WV,24740-7660,Mercer
Bluestone Health Center Administrative Site,3991 Beckley Rd,Princeton,WV,24740-7660,Mercer
Bluestone Medical Center,324 Oakvale Rd STE 12,Princeton,WV,24740-3829,Mercer
Bluestone Primary Care,106 Thorn St,Princeton,WV,24740-3560,Mercer
PRUDICH MEDICAL CENTER,5451 Simmons River Rd,Montcalm,WV,24737,Mercer
Creed Collins Elementary School-based Health C...,512 Collins Ave RM C9,Pennsboro,WV,26415-1011,Ritchie
Doddridge County Primary Care,190 Marie St,West Union,WV,26456-1132,Doddridge
Harrisville Elementary School-based Health Center,1201 E Main St RM H39,Harrisville,WV,26362-1359,Ritchie
JEFFERSON HEALTH & WELLNESS CTR,1200 Stephenson Ave,Parkersburg,WV,26101-4889,Wood
Parkersburg South High School Health and Welln...,1513 Blizzard Dr,Parkersburg,WV,26101-6424,Wood
"RITCHIE COUNTY PRIMARY CARE ASSOCIATION,",135 S Penn Ave,Harrisville,WV,26362-1371,Ritchie
RITCHIE COUNTY SCHOOL HEALTH CTR,107 School St,Ellenboro,WV,26346,Ritchie
Ritchie Regional Health Center Doddridge High ...,79 Bulldog Dr RM 113,West Union,WV,26456-8000,Doddridge
Ritchie Regional Health Center Doddridge Schoo...,151 Doddridge County School Rd,West Union,WV,26456-8402,Doddridge
Smithville Elementary School-based Health Center,157 Main St,Smithville,WV,26178,Ritchie
St. Marys High School,2330 N Pleasants Hwy RM 119,Saint Marys,WV,26170-5008,Pleasants
FAMILY HEALTHCARE ASSOCIATES,1061 Larry Joe Harless Dr,Gilbert,WV,25621,Mingo
TYGART VALLEY TOTAL CARE CENTER,1 Hospital Plz,Grafton,WV,26354-1283,Taylor
"CHANGE, Inc. Administration",3158 West St,Weirton,WV,26062-4637,Hancock
Family Medical Care Community Health Center - ...,3136 West St,Weirton,WV,26062-4637,Hancock
Family Medical Care Community Health Center - ...,1151 Washington St,Newell,WV,26050-1437,Hancock
FMC - SBHC Oak Glen Complex,39 Golden Bear Dr,New Cumberland,WV,26047-1670,Hancock
FMC - SBHC Weir Complex,100 Red Rider Rd,Weirton,WV,26062-4270,Hancock
FMC -SBHC  Brooke Complex,29 Bruin Dr,Wellsburg,WV,26070-3064,Brooke
FMC MAT,114 Taylor Ave,Weirton,WV,26062-4629,Hancock
FMC SBHC - Weirton Elementary,3428 Pennsylvania Ave,Weirton,WV,26062-3923,Hancock
FMC SBHC Alternative Learning Center,1447 Main St,Wellsburg,WV,26070-1487,Brooke
FMC SBHC Brooke Intermediate North,1098 Jefferson St,Follansbee,WV,26037-1311,Brooke
FMC SBHC Brooke Intermediate South,1305 Washington Pike,Wellsburg,WV,26070-2225,Brooke
FMC SBHC Brooke Primary North,200 Rockdale Rd,Follansbee,WV,26037-1840,Brooke
FMC SBHC Brooke Primary South,1448 Main St,Wellsburg,WV,26070-1420,Brooke
Mobile Van #1,1151 Washington St,Newell,WV,26050-1437,Hancock
Beverly Elementary School,505 Main St,Beverly,WV,26253-9621,Randolph
Coalton Elementary School,278 Broadway Ave,Coalton,WV,26257,Randolph
Elkins High School,100 Kennedy Dr,Elkins,WV,26241-9547,Randolph
Elkins Middle School,308 Robert E Lee Ave,Elkins,WV,26241-3481,Randolph
Elkins Mountain School,100 Bell St,Elkins,WV,26241-3701,Randolph
Elkins Third Ward Elementary School,111 Nathan St,Elkins,WV,26241-3331,Randolph
George Ward Elementary School,PO BOX 278,Mill Creek,WV,26280-0278,Randolph
Jennings Randolph Elementary School,Jennings Randolph Elementary School,Elkins,WV,26241,Randolph
Midland Elementary School,150 Kennedy St,Elkins,WV,26241-3999,Randolph
North Elementary School,410 Kennedy St,Elkins,WV,26241-5254,Randolph
Tygarts Valley Middle/High School,290 Mill Creek Rd,Mill Creek,WV,26280-4529,Randolph
Valley Health Care Elkins - Health Center,240 Allegheny Hwy,Elkins,WV,26241-5749,Randolph
VALLEY HEALTH CARE ELKINS - PHARMACY,240 Allegheny Hwy Bldg 2,Elkins,WV,26241-5749,Randolph
Valley Health Care Mill Creek - Pharmacy,46 Town Center Plz,Mill Creek,WV,26280-9752,Randolph
"VALLEY HEALTH CARE, INC",46 Town Center Plz STE A,Mill Creek,WV,26280-9752,Randolph
BOONE MEMORIAL HOSPITAL FAMILY MEDICAL CENTER,697 Madison Ave,Madison,WV,25130,Boone
BRADSHAW MEDICAL CLINIC,9981 Marshall Hwy,Bradshaw,WV,24817-1102,McDowell
E. A. HAWSE HEALTH CENTER INC.,17978 State Road 55,Baker,WV,26801-8626,Hardy
E.A. Hawse Health Center Capon Bridge Elementa...,99 Capon School St,Capon Bridge,WV,26711-9059,Hampshire
E.A. Hawse Health Center Capon Bridge Middle S...,75 Capon School St,Capon Bridge,WV,26711-9059,Hampshire
E.A. Hawse Health Center Deaf and Blind school...,301 E Main St,Romney,WV,26757-1828,Hampshire
"E.A. HAWSE HEALTH CENTER, INC.",106 Harold K Michaels Dr,Mathias,WV,26812-8142,Hardy
"E.A. Hawse Health Center, Inc. Moorefield",422 S Main St,Moorefield,WV,26836-1238,Hardy
"E.A. Hawse Health Center, Inc. Romney",22347 Northwestern Pike,Romney,WV,26757-6343,Hampshire
"E.A. Hawse Health Center, Inc. Wardensville",325 E Main St,Wardensville,WV,26851,Hardy
EAST HARDY EARLY MIDDLE SCHOOL,238 Cougar Dr,Baker,WV,26801-2200,Hardy
East Hardy High School,259 Cougar Dr,Baker,WV,26801,Hardy
Grove Street Health Center,111 S Grove St STE 1,Petersburg,WV,26847-1805,Grant
Hampshire High School,157 Trojan Way,Romney,WV,26757-6317,Hampshire
MOOREFIELD ELEMENTARY SCHOOL,400 N Main St,Moorefield,WV,26836-1015,Hardy
MOOREFIELD HIGH SCHOOL,401 N Main St,Moorefield,WV,26836-1014,Hardy
Moorefield Intermediate School,345 Caledonia Heights Rd,Moorefield,WV,26836-8455,Hardy
Moorefield Middle School,303 Caledonia Heights Rd,Moorefield,WV,26836-8455,Hardy
Petersburg Elementary School,333 Rig St,Petersburg,WV,26847-1644,Grant
Petersburg High School,207 Viking Dr,Petersburg,WV,26847-1674,Grant
Romney Behavioral Health- E.A. Hawse Health Ce...,24948 Northwestern Pike,Romney,WV,26757-6850,Hampshire
Romney Elementary School,45 School St,Romney,WV,26757-1520,Hampshire
Romney Middle School,296 Calvert Dr,Romney,WV,26757-6320,Hampshire
Mountain Laurel Medical Center Bruceton Mills,198 Morgantown St STE 2,Bruceton Mills,WV,26525-5003,Preston
AccessHealth  Clear Fork School-Based Clinic,4851 Clear Fork Rd,Artie,WV,25008-9515,Raleigh
AccessHealth Associates,410 Carriage Dr,Beckley,WV,25801-2806,Raleigh
AccessHealth Beckley,202 Bill Baker Way,Beckley,WV,25801-1506,Raleigh
AccessHealth Beckley Elementary Clinic,399 Grey Flats Rd,Beckley,WV,25801-5878,Raleigh
AccessHealth Cranberry Prosperity School-Based...,4575 Robert C Byrd Dr,Beckley,WV,25801-8141,Raleigh
AccessHealth Daniels Clinic,2157 Ritter Dr,Daniels,WV,25832-9371,Raleigh
AccessHealth Daniels Elementary School-Based C...,351 4H Lake Rd,Daniels,WV,25832-9531,Raleigh
AccessHealth Fairdale School-Based Clinic,772 Bolt Rd,Fairdale,WV,25839-1145,Raleigh
AccessHealth Fayette Clinic,1 PHYSICIANS PLAZA,Lochgelly,WV,25866,Fayette
AccessHealth Ghent Elementary Clinic,2750 Flat Top Rd,Ghent,WV,25843,Raleigh
AccessHealth Glen Daniel Clinic,7031 Harper Rd,Glen Daniel,WV,25844-9480,Raleigh
AccessHealth Mabscott Clinic,200 Raleigh Ave,Beckley,WV,25801-0002,Raleigh
AccessHealth Mabscott Elementary School-Based ...,104 Pershing St,Beckley,WV,25801-5940,Raleigh
AccessHealth Marsh Fork Elementary School-Base...,5960 Coal River Rd,Rock Creek,WV,25174-9681,Raleigh
AccessHealth Northern Greenbrier Clinic,8965 Shoestring Trl,Williamsburg,WV,24991-9743,Greenbrier
AccessHealth Park Middle School Clinic,212 Park Ave,Beckley,WV,25801-6046,Raleigh
AccessHealth PMU,200 Carriage Dr,Beckley,WV,25801-2876,Raleigh
AccessHealth Princeton,904 Harrison St,Princeton,WV,24740-3011,Mercer
AccessHealth Professional Park Clinic,224 Professional Park,Beckley,WV,25801-3624,Raleigh
AccessHealth Raleigh Psychiatric Services,28 Mallard Ct,Beckley,WV,25801-3664,Raleigh
AccessHealth Rural Acres Clinic,252 Rural Acres Dr,Beckley,WV,25801-3503,Raleigh
AccessHealth Shady Spring High School-Based Cl...,300 Hinton Rd,Shady Spring,WV,25918-8406,Raleigh
AccessHealth Stanaford Elementary Clinic,950 Stanaford Rd,Beckley,WV,25801-8047,Raleigh
AccessHealth Stratton Elementary School-Based ...,1129 S Fayette St,Beckley,WV,25801-6620,Raleigh
AccessHealth Welch Clinic,454 McDowell St,Welch,WV,24801-2029,McDowell
Beckley Stratton School-Based Clinic,401 Grey Flats Rd,Beckley,WV,25801-5876,Raleigh
"COMMUNITY HEALTH SYSTEMS, INC ADMINISTRATIVE",101 Cranberry Creek Dr,Beckley,WV,25801-4167,Raleigh
Woodrow Wilson School-Based Clinic,400 Stanaford Rd,Beckley,WV,25801-3144,Raleigh
Woodrow Wilson/ ACT Wellness Center,390 Stanaford Rd,Beckley,WV,25801-3142,Raleigh
Tri-State Community Health Center - Berkeley S...,261 Berkmore Pl STE 1A,Berkeley Springs,WV,25411-6247,Morgan
Brandywine Elementary School,11480 Blue Gray Trl,Brandywine,WV,26802-8069,Pendleton
Franklin School Based Health Clinic,67 S Branch St,Franklin,WV,26807-6614,Pendleton
Harman Health Center,15 Mott St,Harman,WV,26270,Randolph
North Fork Elementary School,189 Price Way,Circleville,WV,26804,Pendleton
North Fork Primary Care,16921 Mountaineer Dr,Riverton,WV,26814-7521,Pendleton
Pendleton Community Care Clinic,82 Pine St,Franklin,WV,26807-6630,Pendleton
Pendleton County High School,409 Maple Ave,Franklin,WV,26807,Pendleton
POCAHONTAS MEMORIAL HOSPITAL RURAL HEALTH CLINIC,150 Duncan Rd,Buckeye,WV,24924-9037,Pocahontas
SCH Behavioral Health,44 Trifecta Pl,Charles Town,WV,25414-5719,Jefferson
SCH Healthy Smiles Dental,58 Warm Springs Ave,Martinsburg,WV,25404-3800,Berkeley
SCH Martinsburg,99 Tavern Rd,Martinsburg,WV,25401-2890,Berkeley
SCH Mobile,99 Tavern Rd,Martinsburg,WV,25401-2890,Berkeley
SCH Ryan White Administration Support,62 Warm Springs Ave,Martinsburg,WV,25404-3800,Berkeley
Shenandoah Community Health Behavioral Health ...,106 Sand Mine Rd STE 7,Berkeley Springs,WV,25411-7457,Morgan
Shenandoah Community Health Burke St Elementary,422 W Burke St,Martinsburg,WV,25401-2732,Berkeley
Shenandoah Community Health Martinsburg High S...,701 S Queen St,Martinsburg,WV,25401-3116,Berkeley
Shenandoah Community Health Martinsburg North ...,250 East Rd,Martinsburg,WV,25404-4910,Berkeley
Shenandoah Community Health Mobile Health Unit,99 Tavern Rd,Martinsburg,WV,25401-2890,Berkeley
Shenandoah Community Health South Middle,150 Bulldog Blvd,Martinsburg,WV,25401-4221,Berkeley
Shenandoah Community Health Tuscarora Elementary,2000 Tavern Rd,Martinsburg,WV,25401-8811,Berkeley
Shenandoah Community Health Widmyer Elementary,128 Widmyer Cir,Berkeley Springs,WV,25411-1400,Morgan
St. George Canaan Valley Behavioral Health,6362 Appalachian Hwy,Davis,WV,26260-8271,Tucker
St. George Canaan Valley Clinic,6368 Appalachian Hwy,Davis,WV,26260-8271,Tucker
St. George Clinic Pharmacy,221 Pennsylvania Ave,Parsons,WV,26287-1148,Tucker
St. George Medical Clinic - Davis-Thomas Eleme...,250 Quail Ridge Rd,Thomas,WV,26292-7745,Tucker
St. George Medical Clinic - Tucker County High...,116 Mountain Lion Way,Hambleton,WV,26269-8181,Tucker
St. George Medical Clinic School-Based Health ...,138 Crestview Dr,Hambleton,WV,26269-8195,Tucker
"ST. GEORGE MEDICAL CLINIC, INC.",8591 Holly Meadows Rd,Parsons,WV,26287-8604,Tucker
"St. George Medical Clinic, Inc. - Dental Clinic",65 Crestview Dr,Hambleton,WV,26269,Tucker
MOUNT VIEW MIDDLE HIGH SCHOOL HC,950 Mt View High School Rd,Welch,WV,24801-2810,McDowell
Pineville Children's Center,585 Appalachian Hwy,Pineville,WV,24874,Wyoming
TUG RIVER HEALTH ASSOCIATION,34035 Coal Heritage Rd,Northfork,WV,24868,McDowell
Tug River Health Association,33800 Coal Heritage Rd,Northfork,WV,24868-7727,McDowell
TUG RIVER HEALTH CENTER,5883 Black Diamond Hwy,Welch,WV,24801,McDowell
Tug River Heatlh --Princeton,200 12th St,Princeton,WV,24740,Mercer
Tug River Mobile Unit,5883 Black Diamond Hwy,Gary,WV,24836,McDowell
Tug Riverview Health Center,512 Mountaineer Hwy,Jolo,WV,24850,McDowell
WELCH COMMUNITY HOSPITAL RHC,454 McDowell St,Welch,WV,24801-2029,McDowell
YUKON MEDICAL CLINIC,402 Marshall Hwy,War,WV,24892-7053,McDowell
Alderson Elementary School Wellness Center,300 Chase St,Alderson,WV,24910-9461,Greenbrier
Alderson Medical Center,101 Railroad Ave,Alderson,WV,24910-7000,Monroe
Ansted Elementary School,27 School St,Ansted,WV,25812-1217,Fayette
Divide Elementary School Wellness Center,248 Propps Rdg,Lookout,WV,25868-6220,Fayette
Eastern Greenbrier School Based Health Center,403 Knight Dr,Ronceverte,WV,24970-0169,Greenbrier
Frankford Elementary School Wellness Center,21692 Seneca Trl N,Frankford,WV,24938-9631,Greenbrier
Greenbrier East High Wellness Center,273 Spartan Ln RM E101,Lewisburg,WV,24901-9738,Greenbrier
GREENBRIER WEST HIGH SCHOOL CLIN,US-60,Charmco,WV,25958,Greenbrier
Hinton Area Elementary School Wellness Center,121 Park Ave,Hinton,WV,25951-2448,Summers
Jumping Branch Elementary School Wellness Center,6617 Beech Run Rd,Jumping Branch,WV,25969-6037,Summers
Lewisburg Behavioral Health Center,149 Goheen St,Lewisburg,WV,24901-1661,Greenbrier
Lewisburg Elementary School Wellness Center,492 W Washington St,Lewisburg,WV,24901-1375,Greenbrier
Lewisburg Health Center,296 Fair St,Lewisburg,WV,24901-2632,Greenbrier
Maxwelton Health Center,390 Industrial Park Rd,Maxwelton,WV,24957-8073,Greenbrier
Meadow Bridge Clinic,8971 Sewell Creek Rd,Meadow Bridge,WV,25976-7727,Fayette
MEADOW BRIDGE SCH. BASED CLINIC,WV-20,Meadow Bridge,WV,25976,Fayette
Midland Trail Health Center,26737 Midland Trl,Hico,WV,25854,Fayette
Rainelle Dental Clinic,645 Kanawha Ave,Rainelle,WV,25962-1013,Greenbrier
Rainelle Elementary School Wellness Center,701 Kanawha Ave,Rainelle,WV,25962-1015,Greenbrier
RAINELLE MEDICAL CENTER,176 Medical Center Dr,Rainelle,WV,25962-1064,Greenbrier
RMC Central Supply,933 Kanawha Ave Ste 3,Rainelle,WV,25962-7161,Greenbrier
RMC Greenbrier Nephrology Center,289 Dawkins Dr,Lewisburg,WV,24901-9674,Greenbrier
RMC Lewisburg Pediatrics and Family Health Center,2140 N Jefferson St,Lewisburg,WV,24901,Greenbrier
Ronceverte Elementary School Wellness Center,246 Ronceverte Elementary School Dr,Ronceverte,WV,24970-9740,Greenbrier
Summers County Wellness Center,181 Bobcat Dr,Hinton,WV,25951,Summers
Talcott Elementary School Wellness Center,133 Talcott School Rd,Talcott,WV,24981,Summers
WESTERN GREENBRIER MIDDLE SCHOOL,US Route 60,Crawley,WV,24931,Greenbrier
White Sulphur Springs Elementary School Wellne...,150 Reed St,White Sulphur Springs,WV,24986-2552,Greenbrier
White Sulphur Springs Health Center,128 Community Ln,White Sulphur Springs,WV,24986-1105,Greenbrier
FCC - Hazelton,1640 Skyview Ln,Bruceton Mills,WV,26525-6891,Preston
Huttonsville Correctional Center,109 HCC Blvd,Huttonsville,WV,26273,Randolph
Lakin Correctional Center,11264 Ohio River Rd,West Columbia,WV,25287-9788,Mason
Northern Correctional Facility,112 Northern Reg Correctional Dr,Moundsville,WV,26041-2700,Marshall
FCI - Morgantown,446 Greenbag Rd,Morgantown,WV,26501-7159,Monongalia
SISTERSVILLE GENERAL HOSPITAL RURAL HEALTH CLINIC,305 Clay St,Sistersville,WV,26175-1059,Tyler
OFAC-Jefferson County Health Department,1948 Wiltshire Rd,Kearneysville,WV,25430-2783,Jefferson
BRUSHY FORK CLINIC,21 Auction Ln,Buckhannon,WV,26201-8968,Upshur
ST JOSEPH'S CLINIC,94 W Main St,Buckhannon,WV,26201-2284,Upshur
OVP HEALTH,557 Main St,Logan,WV,25601-3809,Logan
OVP HEALTH,61 E 3rd Ave,Williamson,WV,25661-3530,Mingo
SISTERSVILLE GENERAL MEDICAL CENTER,100 Fair St,Middlebourne,WV,26149-9525,Tyler
ST MARYS EXPRESS CARE,201 2nd St,Saint Marys,WV,26170-1003,Pleasants
OVP HEALTH,705 Washington St,Ravenswood,WV,26164-1729,Jackson
SUMMERS COUNTY ARH CLINIC,115 Summers Hospital Rd,Hinton,WV,25951-5172,Summers
OVP - Huntington Dentistry,1423 3rd Ave,Huntington,WV,25701-1614,Cabell
ROANE GENERAL MEDICAL ASSOCIATES,300 Hospital Dr,Spencer,WV,25276-1049,Roane
SOUTHERN ROANE MEDICAL CLINIC,1 Library Ln STE 2,Left Hand,WV,25251-9745,Roane
WALTON MEDICAL CLINIC,94 School Dr,Walton,WV,25286-9774,Roane
BMH COMFORT CLINIC,6942 Coal River Rd,Comfort,WV,25049,Boone
ROANE GENERAL MEDICAL CLINIC,200 Hospital Dr,Spencer,WV,25276-1050,Roane
