Site Name,Site Address,Site City,Site State,Site Zip Code,County
Allen-Oakwood Correctional Institution,2338 N West St,Lima,OH,45801-2051,Allen
FCI - Elkton,8730 Scroggs Rd,Lisbon,OH,44432-9333,Columbiana
Highland Health Providers,1487 N High St STE 102,Hillsboro,OH,45133-8496,Highland
Highland Health Providers - Greenfield Medical...,1092 Jefferson St,Greenfield,OH,45123-8319,Highland
Highland Health Providers - HFH,1402 N High St,Hillsboro,OH,45133-8514,Highland
Highland Health Providers - Lynchburg Medical ...,8900 State Route 134,Lynchburg,OH,45142-9272,Highland
Highland Health Providers - Rocky Fork Medical...,11130 N Shore Dr,Hillsboro,OH,45133-9751,Highland
SMH-Northcoast Behavioral Healthcare,1756 Sagamore Rd,Northfield,OH,44067-1086,Summit
VALLEY HEALTH - COAL GROVE,205 Marion Pike,Coal Grove,OH,45638-3165,Lawrence
9th Street Family Health Center,408 9th St SW,Canton,OH,44707-4714,Stark
Lifecare Family Health - Massillon Health Center,820 Amherst Rd NE,Massillon,OH,44646-8525,Stark
Lincoln Street Health Center,2725 Lincoln St E,Canton,OH,44707-2769,Stark
Bogan Elementary School-Based Services,5200 Hamilton Richmond Rd,Oxford,OH,45056-9433,Butler
Cassano Community Health Center,165 S Edwin C Moses Blvd STE 100,Dayton,OH,45402-8472,Montgomery
Edgewood Local Schools SBHC,3045 Busenbark Rd STE B,Trenton,OH,45067-7611,Butler
Fairfield School Based Health Center,211 Donald Dr,Fairfield,OH,45014-3069,Butler
HAMILTON COMMUNITY HEALTH CENTER,210 S 2nd St,Hamilton,OH,45011-2811,Butler
Hamilton School-Based Health Center,250 N Fair Ave,Hamilton,OH,45011-4222,Butler
Hamilton West,903 NW Washington Blvd STE A,Hamilton,OH,45013-6367,Butler
Kramer Elementary School-Based Services,400 W Sycamore St,Oxford,OH,45056-1168,Butler
Marshall School-Based Health Center,3260 Oxford Millville Rd STE B,Oxford,OH,45056-9430,Butler
Middletown Community Health Center,1036 S Verity Pkwy,Middletown,OH,45044-5513,Butler
Middletown Community Health Center,930 9th Ave,Middletown,OH,45044-5530,Butler
Middletown School-Based Health Center,601 N Breiel Blvd UNIT B,Middletown,OH,45042-3899,Butler
Mobile Dental Van,S 2nd St,Hamilton,OH,45011,Butler
Northridge School-Based Health Center,2011 Timber Ln STE B,Dayton,OH,45414-4528,Montgomery
Oxford Community Health Center,10 N Locust St,Oxford,OH,45056-1192,Butler
Primary Health Solutions - Administration,300 High St FL 4,Hamilton,OH,45011-6078,Butler
West Dayton Community Health Center,300 Forest Ave,Dayton,OH,45405-4500,Montgomery
CNHC dba PrimaryOne Health,2780 Airport Dr STE 100,Columbus,OH,43219-2289,Franklin
Columbus Health Care for the Homeless,2780 Airport Dr,Columbus,OH,43219-2289,Franklin
PrimaryOne Health 1180 East Main Street,1180 E Main St,Columbus,OH,43205-1902,Franklin
PrimaryOne Health 1905 Parsons Avenue,1905 Parsons Ave,Columbus,OH,43207-1933,Franklin
PrimaryOne Health 2300 West Broad Street,2300 W Broad St,Columbus,OH,43204-3783,Franklin
PrimaryOne Health 240 Parsons Avenue,240 Parsons Ave,Columbus,OH,43215-5331,Franklin
PrimaryOne Health 3433 Agler Road,3433 Agler Rd STE 2800,Columbus,OH,43219-3389,Franklin
PrimaryOne Health 4661 Sawmill Road,4661 Sawmill Rd STE 101,Columbus,OH,43220-6123,Franklin
PrimaryOne Health 600 North Pickaway Street,600 N Pickaway St STE 300,Circleville,OH,43113-1447,Pickaway
PrimaryOne Health Mobile Health Center East,E Main St,Columbus,OH,43205,Franklin
PrimaryOne Health Mobile Health Center NE,3433 Agler Rd,Columbus,OH,43219-3387,Franklin
PrimaryOne Health Mobile Health Center South,1905 Parsons Ave,Columbus,OH,43207-1933,Franklin
PrimaryOne Health Mobile Health Center West,2300 W Broad St,Columbus,OH,43204-3783,Franklin
PrimaryOne Health SBHC 4400 Marketing Pl Suite...,4400 Marketing Pl,Groveport,OH,43125-9307,Franklin
Broadway Street Clinic,621 Broadway St,Portsmouth,OH,45662-4788,Scioto
COMMUNITY ACTION COMMITTEE,941 Market St,Piketon,OH,45661-9757,Pike
FAMILY HEALTH -WAVERLY,227 Valley View Dr,Waverly,OH,45690-9135,Pike
JACKSON FAMILY HEALTH CENTER,14590 State Route 93,Jackson,OH,45640-8977,Jackson
Manchester Family Health Center,130 Wayne Frye Dr,Manchester,OH,45144-9314,Adams
North Street,215 W North St,Waverly,OH,45690-1031,Pike
PIKETON FAMILY HEALTH CENTER,7777 US Highway 23,Piketon,OH,45661-9102,Pike
Valley View 23 North,13800 US Highway 23,Waverly,OH,45690-9402,Pike
Valley View Health Center-Admin Building,7033 US Highway 23,Piketon,OH,45661-9701,Pike
Valley View Health Center-Emmitt Ave,715 W Emmitt Ave,Waverly,OH,45690-1015,Pike
WEST PORTSMOUTH FAMILY PRACTICE,23030 State Route 73,Portsmouth,OH,45663-8861,Scioto
Community Support Services,150 Cross St,Akron,OH,44311-1026,Summit
Clinical Outreach Vehicle (COVe),750 E Long St,Columbus,OH,43203-1846,Franklin
Equitas Health Akron Health Center,636 W Exchange St,Akron,OH,44302-1306,Summit
Equitas Health Cincinnati,2805 Gilbert Ave,Cincinnati,OH,45206-1210,Hamilton
Equitas Health Columbus Administration Office,1105 Schrock Rd STE 400,Columbus,OH,43229-1174,Franklin
Equitas Health Dayton,1222 S Patterson Blvd STE 230,Dayton,OH,45402-2643,Montgomery
Equitas Health Dayton #2,1222 S Patterson Blvd STE 200,Dayton,OH,45402-2684,Montgomery
Equitas Health Dayton #3,1222 S Patterson Blvd STE 220,Dayton,OH,45402-2643,Montgomery
Equitas Health Dayton #4,1222 S Patterson Blvd STE 150,Dayton,OH,45402-2657,Montgomery
Equitas Health King Lincoln,750 E Long St STE 3000,Columbus,OH,43203-1874,Franklin
Equitas Health King Lincoln Mobile #3,750 E Long St,Columbus,OH,43203-1846,Franklin
Equitas Health Mobile Unit #1,750 E Long St STE 3000,Columbus,OH,43203-1874,Franklin
Equitas Health Pharmacy Dayton,1222 S Patterson Blvd STE 110,Dayton,OH,45402-2643,Montgomery
Equitas Health Pharmacy King Lincoln,736 E Long St,Columbus,OH,43203-1845,Franklin
Equitas Health Short North,1033 N High St,Columbus,OH,43201-2409,Franklin
Capital Park Family Health Center at Innis Road,2365 Innis Rd,Columbus,OH,43224-3730,Franklin
Heart of Ohio Family Health at Canal Winchester,3601 Gender Rd,Canal Winchester,OH,43110-9739,Franklin
Heart of Ohio Family Health at James B. Feibel...,5000 E Main St,Columbus,OH,43213-2440,Franklin
Heart of Ohio Family Health at Mount Carmel,5969 E Broad St STE 300,Columbus,OH,43213-1539,Franklin
Heart of Ohio Family Health at Whitehall Yearl...,675 S Yearling Rd STE 100,Whitehall,OH,43213-2800,Franklin
Heart of Ohio Family Health OB-GYN at St. Ann&...,495 Cooper Rd STE 420,Westerville,OH,43081-8723,Franklin
Aid Family Medical Center,13804 State Route 141,Kitts Hill,OH,45645-8848,Lawrence
Chesapeake Family Medical Center,717 3rd Ave,Chesapeake,OH,45619-1074,Lawrence
Ironton Health Care Campus,1408 Campbell Dr,Ironton,OH,45638-2301,Lawrence
Ironton-Lawrence County Community Action Organ...,305 N 5th St,Ironton,OH,45638-1578,Lawrence
Nancy's Place,115 N 3rd St,Ironton,OH,45638-1471,Lawrence
One Stop Family Medical Center,120 N 3rd St,Ironton,OH,45638-1574,Lawrence
Proctorville Health Care Center,10777 County Road 107,Proctorville,OH,45669-8130,Lawrence
Rock Hill Schools,2325C County Road 26,Ironton,OH,45638-8385,Lawrence
Rock Hill Schools - Elementary Office,2676 County Road 26 Rm 628,Ironton,OH,45638-8315,Lawrence
Rock Hill Schools - High School Office,2415 County Road 26 RM 116B,Ironton,OH,45638-9050,Lawrence
Rock Hill Schools - Middle School Office,2171 County Road 26 RM 112B,Ironton,OH,45638-8386,Lawrence
South Point Family Medical Center,55 Township Road 508 E,South Point,OH,45680-7276,Lawrence
LCHD-Middle Ave,801 Middle Ave,Elyria,OH,44035-5805,Lorain
Lorain County Health & Dentistry,1205 Broadway,Lorain,OH,44052-3409,Lorain
Lorain County Health &amp; Dentistry at The No...,6140 S Broadway,Lorain,OH,44053-3821,Lorain
Lorain County Health and Dentistry,3745 Grove Ave,Lorain,OH,44055-2734,Lorain
Oberlin,260 S Main St,Oberlin,OH,44074-1773,Lorain
Wilkes Villa Public Housing,105 Louden Ct,Elyria,OH,44035-8027,Lorain
German Village,1560 S High St,Columbus,OH,43207-1803,Franklin
Hope Resource Center,496 S Wheatland Ave RM Llchc,Columbus,OH,43204-3110,Franklin
Jordan&#39;s Crossing Resource Center,342 N Hague Ave Rm Llchc,Columbus,OH,43204-3403,Franklin
Lower Lights Christian Health Center,1160 W Broad St,Columbus,OH,43222-1352,Franklin
Lower Lights Health Newark,69 S Terrace Ave,Newark,OH,43055-1355,Licking
Lower Lights Linden,2028 Cleveland Ave,Columbus,OH,43211-2214,Franklin
Sanctuary Night,1195 Sullivant Ave RM Llchc,Columbus,OH,43223-1350,Franklin
The Nursing Center for Family Health,777 W State St STE 201,Columbus,OH,43222-1523,Franklin
Vineyard Cooper Road,6000 Cooper Rd,Westerville,OH,43081-8984,Franklin
Walnut Street Health Center,773 S Walnut St,Marysville,OH,43040-1643,Union
Health Center at Faith Mission,245 N Grant Ave,Columbus,OH,43215-2641,Franklin
Ann B Reichsman Community Health Center,3545 Ridge Rd STE 2,Cleveland,OH,44102-5465,Cuyahoga
Detroit Shoreway Community Health Center,6412 Franklin Blvd,Cleveland,OH,44102-3153,Cuyahoga
Neighborhood Family Practice - Barton Senior C...,14306 Detroit Ave RM A,Lakewood,OH,44107-4417,Cuyahoga
Neighborhood Family Practice Administrative Of...,4115 Bridge Ave,Cleveland,OH,44113-3304,Cuyahoga
North Coast Community Health Center,11906 Madison Ave,Lakewood,OH,44107-5027,Cuyahoga
Puritas Community Health Center  (Relocation),14625 Puritas Ave,Cleveland,OH,44135-2815,Cuyahoga
Ridge Community Health Center,3569 Ridge Rd,Cleveland,OH,44102-5443,Cuyahoga
Tremont Community Health Center,2358 Professor Ave,Cleveland,OH,44113-4630,Cuyahoga
COLLINWOOD HEALTH CENTER,15322 Saint Clair Ave,Cleveland,OH,44110-3043,Cuyahoga
EAST CLEVELAND HEALTH CENTER,15201 Euclid Ave,Cleveland,OH,44112-2803,Cuyahoga
HOUGH HEALTH CENTER,8300 Hough Ave,Cleveland,OH,44103-4247,Cuyahoga
Miles Broadway Health Center,9127 Miles Ave,Cleveland,OH,44105-6136,Cuyahoga
NEON Administration Center,4800 Payne Ave,Cleveland,OH,44103-2443,Cuyahoga
NEON Dental Mobile Unit,15320 Euclid Ave,East Cleveland,OH,44112-2806,Cuyahoga
NORWOOD HEALTH CENTER,1468 E 55th St,Cleveland,OH,44103-1307,Cuyahoga
Panther Wellness Center -Euclid SBHC,711 E 222nd St,Euclid,OH,44123-2033,Cuyahoga
SOUTHEAST HEALTH CENTER,13301 Miles Ave,Cleveland,OH,44105-5521,Cuyahoga
ST. CLAIR HEALTH CENTER,10505 Saint Clair Ave STE 101,Cleveland,OH,44108-1973,Cuyahoga
SUPERIOR HEALTH CENTER,12100 Superior Ave,Cleveland,OH,44106-1444,Cuyahoga
Coal Grove Clinic,225 Carlton Davidson Ln,Coal Grove,OH,45638-2924,Lawrence
Portsmouth Clinic,901 Washington St,Portsmouth,OH,45662-3944,Scioto
Portsmouth Square,1662 11th St,Portsmouth,OH,45662-4526,Scioto
West Union Clinic,192 Chestnut Ridge Rd,West Union,OH,45693-9584,Adams
SHI Ashtabula Family Health Center,510 W 44th St STE 2,Ashtabula,OH,44004-6889,Ashtabula
Signature Health - Wickliffe,2255 Rockefeller Rd Ste E,Wickliffe,OH,44092-2020,Lake
Signature Health Ashtabula Health Center,4726 Main Ave,Ashtabula,OH,44004-6929,Ashtabula
Signature Health Central Fill Pharmacy and Lab,53 S Saint Clair St,Painesville,OH,44077-3418,Lake
Signature Health Maple Heights Health Center,21100 Southgate Park Blvd,Maple Heights,OH,44137-3004,Cuyahoga
Signature Health Mobile Clinic,4726 Main Ave,Ashtabula,OH,44004-6929,Ashtabula
Signature Health Painesville Health Center,54 S State St,Painesville,OH,44077-3445,Lake
"Signature Health, Inc. Administration and Will...",38879 Mentor Ave,Willoughby,OH,44094-7992,Lake
"Signature Health, Inc. Administrative Location",7232 Justin Way,Mentor,OH,44060-4881,Lake
"Signature Health, Inc. Connections Location",24200 Chagrin Blvd,Beachwood,OH,44122-5550,Cuyahoga
"Signature Health, Inc. Willoughby Clinic",38882 Mentor Ave,Willoughby,OH,44094-7875,Lake
Signature Lakewood Health Center,"14701 Detroit Ave, Ste 620",Lakewood,OH,44107-4180,Cuyahoga
FOH Men's Shelter- Dental Site,924 E Main St,Columbus,OH,43205-2338,Franklin
Franklin Station Health Center,524 W Broad St,Columbus,OH,43215-2775,Franklin
Mobile Coach,16 W Long St,Columbus,OH,43215-2815,Franklin
Shadyside School-Based Health Center Site,3795 Leona Ave,Shadyside,OH,43947-1367,Belmont
Southeast Healthcare - Front Street,86 N Front St,Columbus,OH,43215-2836,Franklin
Southeast Healthcare -Carrollton Health Center,783 Jones Ave NW,Carrollton,OH,44615-9434,Carroll
Southeast Healthcare -New Philadelphia Health ...,344 W High Ave,New Philadelphia,OH,44663-2152,Tuscarawas
"Southeast Inc., Long Street",16 W Long St,Columbus,OH,43215-2815,Franklin
"Southeast Inc., Long Street Admin",16 W Long St STE A,Columbus,OH,43215-2815,Franklin
"Southeast Inc., Mobile Medical Unit - Eastern ...",68353 Bannock Rd,Saint Clairsville,OH,43950-9736,Belmont
"Southeast, Inc. - Cadiz Health Center",243 S Main St,Cadiz,OH,43907-1131,Harrison
"Southeast, Inc. - Delaware Health Center",824 Bowtown Rd,Delaware,OH,43015-9661,Delaware
"Southeast, Inc. - Martins Ferry Health Center",301 Walnut St,Martins Ferry,OH,43935-1429,Belmont
"Southeast, Inc. - Merion Village Health Center",1455 S 4th St,Columbus,OH,43207-1011,Franklin
"Southeast, Inc. - Near East Side Health Center",720 E Broad St STE 101,Columbus,OH,43215-3989,Franklin
"Southeast, Inc. - St. Clairsville",68353 Bannock Rd,Saint Clairsville,OH,43950-9736,Belmont
"Southeast, Inc. - Woodsfield Health Center",37990 Airport Rd,Woodsfield,OH,43793-9247,Monroe
Van Buren Health Clinic,595 Van Buren Dr,Columbus,OH,43223-2230,Franklin
Centerpoint Health Administrative Site,4220 Grand Ave STE B,Middletown,OH,45044-6129,Butler
Centerpoint Health Dental Franklin,333 Conover Dr STE D,Franklin,OH,45005-1900,Warren
Centerpoint Health Medical Franklin,333 Conover Dr STE B,Franklin,OH,45005-1900,Warren
Centerpoint Health Middletown,231 N Breiel Blvd,Middletown,OH,45042-3807,Butler
Centerpoint Norwood SBHC,2020 Sherman Ave STE 202,Cincinnati,OH,45212-2616,Hamilton
CPH Administrative Site,3420 Atrium Blvd STE 102,Middletown,OH,45005-5186,Warren
CAA East Liverpool Campus Building #2,16494 Saint Clair Ave,East Liverpool,OH,43920-9124,Columbiana
CAA Health Center at Salem,2376 Southeast Blvd,Salem,OH,44460-3472,Columbiana
"CAA Health, Behavioral Health, and Dental Cent...",16480 Saint Clair Ave,East Liverpool,OH,43920-9124,Columbiana
DBA LISBON COMMUNITY HEALTH CENTER,7880 Lincole Pl,Lisbon,OH,44432-8322,Columbiana
DBA LISBON COMMUNITY HEALTH CENTER,7880 Lincole Pl,Lisbon,OH,44432-8322,Columbiana
Salineville Community Health Center at Melhorn,103 W Main St,Salineville,OH,43945-1048,Columbiana
THE COMMUNITY DENTAL CENTER,38722 Saltwell Rd,Lisbon,OH,44432-8303,Columbiana
Five Rivers Family Health Center,2261 Philadelphia Dr,Dayton,OH,45406-1814,Montgomery
Five Rivers Greene County Health Center,360 Wilson Dr STE 150,Xenia,OH,45385-1871,Greene
Five Rivers Health Centers at St. Vincent de Paul,120 W Apple St STE C,Dayton,OH,45402-2617,Montgomery
Five Rivers Health Centers Edgemont Campus,721 Miami Chapel Rd,Dayton,OH,45417-4650,Montgomery
Five Rivers Health Centers Roosevelt Health Ce...,1923 W 3rd St,Dayton,OH,45417-2565,Montgomery
Five Rivers Health Centers Star Pediatrics,1659 W 2nd St,Xenia,OH,45385-4205,Greene
Five Rivers Health Centers Trotwood Madison He...,3594 N Snyder Rd,Dayton,OH,45426-3835,Montgomery
Five Rivers Samaritan Homeless Clinic,921 S Edwin C Moses Blvd,Dayton,OH,45417-3464,Montgomery
Forest Park Health Center,924 Waycross Rd,Cincinnati,OH,45240-3022,Hamilton
Greater Cincinnati Behavioral Health Services,1501 Madison Rd,Cincinnati,OH,45206-1706,Hamilton
Lincoln Heights Health Center,43 E Main St,Amelia,OH,45102-1993,Clermont
Lockland School District,1401 Steffen Ave,Cincinnati,OH,45215-2338,Hamilton
Mt. Healthy  School Based Health Center,210 N Cooper Ave,Lockland,OH,45215-3011,Hamilton
Mt. Healthy Family Practice Center,8101 Hamilton Ave Rm 112,Mount Healthy,OH,45231-2323,Hamilton
Viking School Based Health Center,1411 Compton Rd,Mount Healthy,OH,45231-3559,Hamilton
Winton Woods City School District,100 Viking Way Rm 1520,Cincinnati,OH,45246-1139,Hamilton
ELMWOOD PLACE ELEMENTARY SBHC,1510 California Ave,Cincinnati,OH,45237-5621,Hamilton
ST. BERNARD ELEMENTARY SBHC,400 Maple St,Elmwood Place,OH,45216-2128,Hamilton
ST. BERNARD ELMWOOD PLACE HS SBH,4515 Tower Ave,Cincinnati,OH,45217-1723,Hamilton
WinMed City West,4615 Tower Ave,Cincinnati,OH,45217-1724,Hamilton
WinMed-Cincinnati-Hamilton County Community Ac...,1019 Linn St,Cincinnati,OH,45203-1314,Hamilton
WINTON HILLS ACADEMY ELEMENTARY,1740 Langdon Farm Rd,Cincinnati,OH,45237-1157,Hamilton
"WINTON HILLS MEDICAL AND HEALTH CENTER, INC.",5300 Winneste Ave,Cincinnati,OH,45232-1133,Hamilton
Woodward Career Technical High School,5275 Winneste Ave,Cincinnati,OH,45232-1130,Hamilton
Crossroad Health Center - Taft,5 E Liberty St,Cincinnati,OH,45202-8202,Hamilton
Crossroad Heath Center West,270 Southern Ave,Cincinnati,OH,45219-3023,Hamilton
Rothenberg Preparatory Academy School-Based He...,2170 Anderson Ferry Rd,Cincinnati,OH,45238-3328,Hamilton
Aiken High School,2030 Fairfax Ave,Cincinnati,OH,45207-1943,Hamilton
Ambrose H. Clement,5641 Belmont Ave,Cincinnati,OH,45224-3101,Hamilton
Ambrose H. Clement Health Center (Avondale),3101 Burnet Ave,Cincinnati,OH,45229-3014,Hamilton
Bobbie Sterne Health Center (formerly Elm Street),3559 Reading Rd STE 101,Cincinnati,OH,45229-2689,Hamilton
Braxton F. Cann Memorial Medical Center,1525 Elm St,Cincinnati,OH,45202-6957,Hamilton
City of Cincinnati Health Department/Administr...,5818 Madison Rd,Cincinnati,OH,45227-1708,Hamilton
Crest Smile Shoppe,3101 Burnet Ave,Cincinnati,OH,45229-3014,Hamilton
Crossroad Health Center Harrison,612 Rockdale Ave,Cincinnati,OH,45229-2919,Hamilton
Deaconess Health Check at Western Hills,10450 New Haven Rd,Harrison,OH,45030-2780,Hamilton
Ethel M. Taylor Academy,2146 Ferguson Rd,Cincinnati,OH,45238-3720,Hamilton
John P. Parker,1930 Fricke Rd,Cincinnati,OH,45225-1200,Hamilton
Millvale at Hopple Street Health Center,5051 Anderson Pl,Cincinnati,OH,45227-1601,Hamilton
Mt. Airy,2750 Beekman St,Cincinnati,OH,45225-2049,Hamilton
Northside Health Center,5730 Colerain Ave,Cincinnati,OH,45239-6714,Hamilton
Oyler Community Learning Center,3917 Spring Grove Ave,Cincinnati,OH,45223-3302,Hamilton
Price Hill Health Center,2121 Hatmaker St,Cincinnati,OH,45204-1947,Hamilton
Riverview East,2136 W 8th St,Cincinnati,OH,45204-2052,Hamilton
Roberts Paideia,3555 Kellogg Ave,Cincinnati,OH,45226-2180,Hamilton
Roll Hill Academy,1702 Grand Ave,Cincinnati,OH,45214-1502,Hamilton
Taft High School,2411 Baltimore Ave,Cincinnati,OH,45225-1001,Hamilton
The Children's Home of Cincinnati,420 Ezzard Charles Dr,Cincinnati,OH,45214-2806,Hamilton
Withrow Community Learning Center,5051 Duck Creek Rd,Cincinnati,OH,45227-1440,Hamilton
Community Health Centers of Greater Dayton - A...,6255 Chambersburg Rd,Huber Heights,OH,45424-3873,Montgomery
Community Health Centers of Greater Dayton - C...,5 S Alex Rd,Miamisburg,OH,45342-4471,Montgomery
Community Health Centers of Greater Dayton - C...,4134 Linden Ave STE 200,Dayton,OH,45432-3035,Montgomery
Community Health Centers of Greater Dayton - C...,1323 W 3rd St,Dayton,OH,45402-6714,Montgomery
Community Health Centers of Greater Dayton - E...,2349 Stanley Ave,Dayton,OH,45404-1201,Montgomery
Community Health Centers of Greater Dayton - M...,2132 E 3rd St,Dayton,OH,45403-1991,Montgomery
Community Health Centers of Greater Dayton - P...,4290 N James H Mcgee Blvd,Dayton,OH,45417-9536,Montgomery
Community Health Centers of Greater Dayton at ...,1074 Patterson Rd,Dayton,OH,45420-1522,Montgomery
Community Health Centers of Greater Dayton at ...,3805 Kings Hwy RM C,Dayton,OH,45406-3577,Montgomery
Holland Health Care,430 Nebraska Ave,Toledo,OH,43604-8540,Lucas
HURON STREET WOMEN'S CENTER,225 N Irwin Rd,Holland,OH,43528-9745,Lucas
Jones Leadership Academy of Business,923 N Huron St,Toledo,OH,43604-1715,Lucas
Laskey Family Health Center,615 Division St,Toledo,OH,43604-8400,Lucas
Michigan Street Healthcare Center,2658 W Laskey Rd,Toledo,OH,43613-3288,Lucas
MILDRED BAYER CLINIC HOMELESS,237 N Michigan St,Toledo,OH,43604-5613,Lucas
Navarre Park Family Care Center,2101 Jefferson Ave,Toledo,OH,43604-5117,Lucas
NEIGHBORHOOD HEALTH ASSOCIATION OF TOLEDO,1020 Varland Ave,Toledo,OH,43605-3245,Lucas
Nexus Health Care,313 Jefferson Ave,Toledo,OH,43604-1004,Lucas
NHA Senior Care Clinic,1415 Jefferson Ave,Toledo,OH,43604-5827,Lucas
SOUTH SIDE COMMUNITY HEALTH CTR,1 Aurora L Gonzalez Dr,Toledo,OH,43609-2783,Lucas
The Access Center,732 South Ave,Toledo,OH,43609-2768,Lucas
Toledo School for the Arts,117 Main St,Toledo,OH,43605-2091,Lucas
Unison Behavioral Health Center,333 14th St,Toledo,OH,43604-5459,Lucas
Unison Behavioral Health Center,544 E Woodruff Ave,Toledo,OH,43604-5342,Lucas
Administration - 201 Hospital Drive,204 S Bellevue Ave,Dover,OH,44622-9405,Tuscarawas
Family Health Behavioral Health and Wellness,702 N Main St,Arcanum,OH,45304-1421,Darke
FAMILY HEALTH SERVICES OF DARKE COUNTY,1101 Jackson St STE C,Greenville,OH,45331-1396,Darke
New Madison Medical Center,5735 Meeker Rd,Greenville,OH,45331-1180,Darke
VERSAILLES MEDICAL CENTER SITE,101 Anderson St,New Madison,OH,45346-9715,Darke
Bowsher Health Center,441 E 8th St,Lima,OH,45804-2482,Allen
Bryan - Mobile Health Van,2200 Arlington Ave,Toledo,OH,43614-2688,Lucas
Bryan Community Health Center,228 S Main St,Bryan,OH,43506-1755,Williams
Bulldog Health Center,228 S Main St,Bryan,OH,43506-1755,Williams
Defiance Community Health Center,2400 Collingwood Blvd,Toledo,OH,43620-1152,Lucas
Defiance Community Health Center,211 Biede Ave,Defiance,OH,43512-2408,Defiance
Dr. Gene Wright Community Health Center,1018 Ralston Ave,Defiance,OH,43512-5312,Defiance
Dr. Wilfred Ellis Building,441 E 8th St,Lima,OH,45804-2482,Allen
Health Partners - Quick Care,329 N West St,Lima,OH,45801-4331,Allen
HPWO Mobile Health Van 3,1550 N Main St,Lima,OH,45801-2823,Allen
Kenton Community Health Center,1 Spartan Way,Lima,OH,45801-4561,Allen
New Carlisle Community Health Center,111 W Espy St,Kenton,OH,43326-2117,Hardin
Old West End Community Health Center,106 N Main St,New Carlisle,OH,45344-1835,Clark
Perry Health Center,2244 Collingwood Blvd,Toledo,OH,43620-1147,Lucas
Rams Health Center,2770 E Breese Rd,Lima,OH,45806-9743,Allen
Riverside Community Health Center,222 Mctigue Dr,Toledo,OH,43615-5164,Lucas
Spartan Health Center,405 Woodville Rd,Toledo,OH,43605-2381,Lucas
Start Health Center,1 Spartan Way,Lima,OH,45801-4561,Allen
Tiffin Community Health Center,2010 Tremainsville Rd,Toledo,OH,43613-3947,Lucas
Waite Health Center,1344 W Seneca Ave,Tiffin,OH,44883-2652,Seneca
Whitmer Health Center,301 Morrison Dr,Toledo,OH,43605-2124,Lucas
Wildcat Elementary Health Center,5601 Clegg Dr,Toledo,OH,43613-2022,Lucas
Wildcat Health Center,631 Silver St,Kenton,OH,43326-1499,Hardin
Woodward Health Center,200 Harding Ave,Kenton,OH,43326-1669,Hardin
HealthSource Batavia Family Practice &amp; Pha...,8000 5 Mile Rd STE 207,Cincinnati,OH,45230-2187,Hamilton
Healthsource Batavia Ob/Gyn,2055 Hospital Dr STE 130,Batavia,OH,45103-1978,Clermont
HealthSource Eastgate Pediatrics,2055 Hospital Dr STE 220,Batavia,OH,45103-1969,Clermont
HealthSource Felicity,4627 Aicholtz Rd,Cincinnati,OH,45244-1447,Clermont
HealthSource Georgetown,105 Market St STE 100,Felicity,OH,45120-9668,Clermont
HealthSource Goshen,631 E State St,Georgetown,OH,45121-1437,Brown
HealthSource Hillsboro,6696 Goshen Rd STE 324,Goshen,OH,45122-9273,Clermont
HealthSource Lebanon,1108 Northview Dr,Hillsboro,OH,45133-1184,Highland
HealthSource Loveland,1231 Columbus Ave UNIT A1,Lebanon,OH,45036-8196,Warren
HealthSource Mt. Orab,6535 Charles Snider Rd,Loveland,OH,45140-9588,Clermont
HealthSource Mt. Washington,150 Health Partners Cir,Mount Orab,OH,45154-8610,Brown
HealthSource New Richmond,6131 Campus Ln,Cincinnati,OH,45230-1601,Hamilton
"HealthSource of Ohio, Inc.",100 River Valley Blvd,New Richmond,OH,45157-8566,Clermont
HealthSource Seaman,424 Wards Corner Rd STE 200,Loveland,OH,45140-6966,Clermont
HealthSource Washington Court House,218 Stern Rd,Seaman,OH,45679-9607,Adams
HealthSource West Clermont,308 Highland Ave,Washington Court House,OH,43160-1992,Fayette
HealthSource Williamsburg,1341 Clough Pike STE 150,Batavia,OH,45103-2503,Clermont
HealthSource Wilmington,500 S 5th St STE 202,Williamsburg,OH,45176-1017,Clermont
MT ORAB ELEMENTRY/MIDDLE SBHC,140 W Main St,Wilmington,OH,45177-2239,Clinton
SBHC-HAMERSVILLE ELEM/MIDDLE SCH,474 W Main St,Mount Orab,OH,45154-9452,Brown
Cheshire REACH,215 Columbus Rd STE 106,Athens,OH,45701-1373,Athens
Chillicothe Admin 2,8323 State Route 7 N,Cheshire,OH,45620-9001,Gallia
Columbus Road,77 E Water St STE 202,Chillicothe,OH,45601-2586,Ross
Eastern School Based Clinic,141 Columbus Rd,Athens,OH,45701-1315,Athens
Federal Hocking School Health Center,38900 State Route 7,Reedsville,OH,45772,Meigs
Gallia Intensive Outpatient Clinic,8461 State Route 144,Stewart,OH,45778-9501,Athens
Hopewell 9 Kenny Drive,200 Holly Ln,Gallipolis,OH,45631-1670,Gallia
Hopewell Health Centers - Athens,9 Kenny Dr,Athens,OH,45701-9406,Athens
Hopewell Health Centers - Athens Respite,90 Hospital Dr,Athens,OH,45701-2301,Athens
Hopewell Health Centers - Belpre,7976 Dairy Ln,Athens,OH,45701-9391,Athens
Hopewell Health Centers - Chillicothe,2434 Richmiller Ln UNIT F,Belpre,OH,45714-1075,Washington
Hopewell Health Centers - Chillicothe Dental,1049 Western Ave,Chillicothe,OH,45601-1104,Ross
Hopewell Health Centers - Coolville,622 Central Ctr,Chillicothe,OH,45601-2248,Ross
Hopewell Health Centers - Gallipolis,25716 Wilson St,Coolville,OH,45723-8153,Athens
Hopewell Health Centers - Jackson Burlington,3086 State Route 160,Gallipolis,OH,45631-8409,Gallia
Hopewell Health Centers - Jackson McCarty,500 Burlington Rd STE 240,Jackson,OH,45640-9360,Jackson
Hopewell Health Centers - Logan,502 Mccarty Ln,Jackson,OH,45640-7020,Jackson
Hopewell Health Centers - Logan Behavioral Health,30381 Chieftain Dr,Logan,OH,43138-9092,Hocking
Hopewell Health Centers - McArthur,541 State Route 664 N STE C,Logan,OH,43138-8541,Hocking
Hopewell Health Centers - Nelsonville,31891 State Route 93,Mc Arthur,OH,45651-9006,Vinton
Hopewell Health Centers - Nelsonville REACH,1950 Mount Saint Marys Dr # 39S,Nelsonville,OH,45764-1280,Athens
Hopewell Health Centers - New Lexington,14455 Kimberley Rd,Nelsonville,OH,45764-9430,Athens
Hopewell Health Centers - Pomeroy,2541 Panther Dr NE,New Lexington,OH,43764-9081,Perry
Hopewell Health Centers - Racine Dental,41865 Pomeroy Pike,Pomeroy,OH,45769-9473,Meigs
Hopewell Health Centers--Marietta Clinic,106 Tyree Blvd,Racine,OH,45771-5008,Meigs
Logan-Hocking School Behavioral Health Clinic,207 Colegate Dr,Marietta,OH,45750-2363,Washington
Meigs Behavioral Health,14470 State Route 328,Logan,OH,43138-9444,Hocking
Mount Logan School Clinic,112 E Memorial Dr,Pomeroy,OH,45769-9569,Meigs
Nelsonville School-Based Health Clinic,841 E Main St STE 178,Chillicothe,OH,45601-3509,Ross
Reynoldsburg Clinic,4 Buckeye Dr STE E302,Nelsonville,OH,45764-9591,Athens
Tom Cat Health Center,7335 E Livingston Ave,Reynoldsburg,OH,43068-3089,Franklin
Washington County REACH,18500 Jacksonville Rd,Glouster,OH,45732-9337,Athens
Wellston High School Behavioral Health Clinic,10595 State Route 550,Vincent,OH,45784-5650,Washington
Wellston Intermediate Behavioral Health School...,200 Golden Rocket Dr OFC B204,Wellston,OH,45692-9605,Jackson
Danville Community Health Center 12 East Main,16 E Main St,Danville,OH,43014,Knox
KCCHC Administration Site,12 E Main St,Danville,OH,43014,Knox
KCCHC Moore Family Practice,201 W Vine St,Mount Vernon,OH,43050-2457,Knox
KCCHC Walk-In Clinic,206 S Mulberry St STE C,Mount Vernon,OH,43050-3331,Knox
KCHD/KCCHC Main,207 W High St STE A,Mount Vernon,OH,43050-2427,Knox
Knox County Dental,11660 Upper Gilchrist Rd,Mount Vernon,OH,43050-9084,Knox
Muskingum Valley Health Center - Cambridge,33 S 5th St,Zanesville,OH,43701-3510,Muskingum
Muskingum Valley Health Center - Coshocton UC,1330 Clark St,Cambridge,OH,43725-9614,Guernsey
Muskingum Valley Health Center - Rolling Hills...,450 Downtowner Plz,Coshocton,OH,43812,Coshocton
MUSKINGUM VALLEY HEALTH CENTERS,58601 Marietta Rd STE 100,Byesville,OH,43723-9468,Guernsey
Muskingum Valley Health Centers,716 Adair Ave,Zanesville,OH,43701-2836,Muskingum
Muskingum Valley Health Centers,859 N Main St,Malta,OH,43758-9007,Morgan
Muskingum Valley Health Centers,2725 Pinkerton Ln,Zanesville,OH,43701-1513,Muskingum
Muskingum Valley Health Centers,440 Browns Ln,Coshocton,OH,43812-2044,Coshocton
Muskingum Valley Health Centers,945 Bethesda Dr STE 140,Zanesville,OH,43701-1880,Muskingum
Muskingum Valley Health Centers,235 Kenwood Dr,Coshocton,OH,43812-1997,Coshocton
Muskingum Valley Health Centers - Cambridge MAT,915 Putnam Ave,Zanesville,OH,43701-5547,Muskingum
Muskingum Valley Health Centers - Cosh Dental,316 Clark St,Cambridge,OH,43725-1932,Guernsey
Muskingum Valley Health Centers - Coshocton Ci...,406 S 15th St,Coshocton,OH,43812-2285,Coshocton
Muskingum Valley Health Centers - Mobile 1,1205 Cambridge Rd STE 100,Coshocton,OH,43812-2741,Coshocton
Muskingum Valley Health Centers - Mobile 2,2725 Pinkerton Ln,Zanesville,OH,43701-1513,Muskingum
Muskingum Valley Health Centers - Mobile 3,2725 Pinkerton Ln,Zanesville,OH,43701-1513,Muskingum
Muskingum Valley Health Centers - Mobile Denta...,2725 Pinkerton Ln,Zanesville,OH,43701-1513,Muskingum
Muskingum Valley Health Centers - Ridgewood Sc...,956 Moxahala Ave,Zanesville,OH,43701-5533,Muskingum
BARNESVILLE FAMILY HEALTH CENTER,100 Hospital Dr,Barnesville,OH,43713-1098,Belmont
Caldwelll Family Health Center,101 E Main St,Barnesville,OH,43713-1005,Belmont
FREEPORT FAMILY HEALTH CENTER,44069 Marietta Rd STE 200,Caldwell,OH,43724-9124,Noble
OHHC Belmont Career Center,110 W Main St,Freeport,OH,43973-9801,Harrison
OHHC Woodsfield,68090 Hammond Rd,Saint Clairsville,OH,43950-9817,Belmont
OHIO HILLS HEALTH SERVICES,584 Lewisville Rd,Woodsfield,OH,43793-3504,Monroe
Quaker City Family Health Center,101 E Main St,Barnesville,OH,43713-1005,Belmont
Rocking Horse Center,651 S Limestone St,Springfield,OH,45505-1965,Clark
Rocking Horse Center - Madison County,651 S Limestone St,Springfield,OH,45505-1965,Clark
Rocking Horse Center - Mulberry Terrace,212 N Main St,London,OH,43140-1115,Madison
Rocking Horse Center - School of Innovation,120 W Mulberry St,Springfield,OH,45506-1666,Clark
Administrative Office,431 E 9th St,Ashland,OH,44805-1903,Ashland
Ashland Health and Wellness,120 Sturges Ave STE 2,Mansfield,OH,44903-2399,Richland
Bucyrus Health and Wellness Center,309 Arthur St,Ashland,OH,44805-3206,Ashland
Community Counseling and Wellness Centers-Bucyrus,2458 Stetzer Rd UNIT A,Bucyrus,OH,44820-2066,Crawford
Community Counseling and Wellness Centers-Marion,2458 Stetzer Rd,Bucyrus,OH,44820-2066,Crawford
Cornerstone OB/GYN,320 Executive Dr,Marion,OH,43302-6310,Marion
Five Points Primary Care,770 Balgreen Dr,Mansfield,OH,44906-4106,Richland
Hawkins Medical Center,200 Park Ave W,Mansfield,OH,44902-1608,Richland
Malabar Care Connect,2131 Park Ave W STE 200,Ontario,OH,44906-1226,Richland
Mansfield Family Health 2,205 W Cook Rd UNIT Suite,Mansfield,OH,44907-2405,Richland
Shelby Health & Wellness Center,270 Sterkel Blvd STE A,Mansfield,OH,44907-1508,Richland
"Third Street Community Clinic, Inc.",31 E Main St,Shelby,OH,44875-1262,Richland
FCHC South,220 E Walnut St,Lancaster,OH,43130-4464,Fairfield
Good Samaritan Community Health Center,1032 E Market St,Warren,OH,44483-6602,Trumbull
Kids 1st Pediatrics,1390 S Arch Ave,Alliance,OH,44601-4111,Stark
Lloyd McCoy Community Health Center,1821 E Market St,Warren,OH,44483-6627,Trumbull
Mobile Health Van,1977 Niles Rd SE,Warren,OH,44484-5118,Trumbull
Newton Falls Community Health Center,716 Tod Ave SW,Warren,OH,44485-3608,Trumbull
Premier Care Pediatrics,175 E Broad St,Newton Falls,OH,44444-1708,Trumbull
RISE Recovery,2642 State Route 5,Cortland,OH,44410-9393,Trumbull
WARREN WEST COMMUNITY HEALTH CTR,3132 Belmont Ave,Youngstown,OH,44505-1838,Trumbull
Youngstown Community Health Center,716 Tod Ave SW,Warren,OH,44485-3608,Trumbull
Community Health Services - East,1255 W Main St,Bellevue,OH,44811-9015,Sandusky
Community Health Services - Fostoria,1220 E State St,Fremont,OH,43420-4360,Sandusky
Community Health Services - Main Site,502 Van Buren St,Fostoria,OH,44830-1533,Hancock
Community Health Services - Napoleon,2221 Hayes Ave,Fremont,OH,43420-2632,Sandusky
Community Health Services - Stony Ridge,407 Independence Dr,Napoleon,OH,43545-8662,Henry
Community Health Services - Third Avenue,5734 Fremont Pike,Stony Ridge,OH,43463-9507,Wood
Community Health Services - West,605 3rd Ave STE F,Fremont,OH,43420-3269,Sandusky
Community Health Services - Willard,2276 W State St,Fremont,OH,43420-1439,Sandusky
HealthPoint Covington Center,2203 Fulton Ave,Cincinnati,OH,45206-2504,Hamilton
Robertson County Family Health Center,502 S 2nd St,Ripley,OH,45167-1306,Brown
CENTER FOR RESPITE CARE,4138 Hamilton Ave,Cincinnati,OH,45223-2293,Hamilton
CINCINNATI HEALTH NETWORK,1615 Republic St,Cincinnati,OH,45202-6464,Hamilton
CINCINNATI MOBILE HEALTH CARE,2825 Burnet Ave STE 232,Cincinnati,OH,45219-2426,Hamilton
Enabling Servies Program- Freestore Foodbank,1525 Elm St,Cincinnati,OH,45202-6957,Hamilton
MCMICKEN INTEGRATED CARE CLINIC,112 E Liberty St,Cincinnati,OH,45202-6510,Hamilton
SHELTERHOUSE-Barron Center for Men,40 E Mcmicken Ave,Cincinnati,OH,45202-6625,Hamilton
SHELTERHOUSE-Hatton Center for Women,411 Gest St,Cincinnati,OH,45203-1730,Hamilton
Autumn Street Health Center,5594 State Route 7,Andover,OH,44003-9490,Ashtabula
Ohio State University Total Health and Wellness,181 Taylor Ave STE 1501,Columbus,OH,43203-1779,Franklin
Total Health and Wellness at St. Vincent Famil...,181 Taylor Ave STE 1203,Columbus,OH,43203-1779,Franklin
Medina County - Wadsworth,4800 Ledgewood Dr,Medina,OH,44256-7666,Medina
My Community Health Center - Magnolia,2600 7th St SW,Canton,OH,44710-1709,Stark
Asian Services in Action - International Commu...,3631 Perkins Ave STE 2AW,Cleveland,OH,44114-4702,Cuyahoga
ICHC Akron,2999 Payne Ave STE 140,Cleveland,OH,44114-4436,Cuyahoga
Health and Wellness Gordon Square,4400 Euclid Ave,Cleveland,OH,44103-3734,Cuyahoga
Health and Wellness Southwest,5209 Detroit Ave,Cleveland,OH,44102-2224,Cuyahoga
Health and Wellness Uptown,5955 Ridge Rd,Parma,OH,44129-3936,Cuyahoga
Health and Wellness West,12201 Euclid Ave,Cleveland,OH,44106-4310,Cuyahoga
EHOVE Health Center,1925 Hayes Ave STE B,Sandusky,OH,44870-4737,Erie
Erie County Community Health Center Mobile Unit,316 Mason Rd W BLDG G,Milan,OH,44846-9500,Erie
Erie County Health Department,420 Superior St,Sandusky,OH,44870-1849,Erie
Erie County Job &amp; Family Services,420 Superior St,Sandusky,OH,44870-1849,Erie
Kelleys Island Site,221 W Parish St,Sandusky,OH,44870-4877,Erie
KI Addison Road,528 Division St,Kelleys Island,OH,43438-6519,Erie
Norwalk Health Center,117 Addison St,Kelleys Island,OH,43438-6500,Erie
Port Clinton Health Center,34 Executive Dr STE A,Norwalk,OH,44857-2490,Huron
Vermilion School,333 Buckeye Blvd Ste B,Port Clinton,OH,43452-2475,Ottawa
Galion Family Health,136 W Center St,Marion,OH,43302-3704,Marion
Morrow Family Health Center,126 Harding Way E,Galion,OH,44833-1901,Crawford
Family Medical Care Community Health Center - ...,200 Luray Dr,Wintersville,OH,43953-3973,Jefferson
FMC - SBHC Harding Middle School,936 N 5th St,Steubenville,OH,43952-1812,Jefferson
FMC - SBHC Indian Creek Middle School,2002 Sunset Blvd,Steubenville,OH,43952-1381,Jefferson
FMC - SBHC McKinley STEM Academy,2379 Wilson Ave,Mingo Junction,OH,43938-2508,Jefferson
FMC - SBHC Oak Glen Complex,1400 Adams St,Steubenville,OH,43952-2678,Jefferson
FMC - SBHC Steubenville High School,435 John Scott Hwy,Steubenville,OH,43952-3026,Jefferson
FMC - SBHC Toronto Complex,420 N 4th St,Steubenville,OH,43952-2022,Jefferson
FMC - SBHC Weir Complex,1305 Dennis Way,Toronto,OH,43964-1952,Jefferson
AxessPointe Community Health Center/Akron,390 Robinson Ave STE A,Barberton,OH,44203-3659,Summit
AxessPointe Community Health Center/Barberton,1400 S Arlington St UNIT 38,Akron,OH,44306-3771,Summit
AxessPointe Community Health Center/Portage Path,390 Robinson Ave STE E,Barberton,OH,44203-3659,Summit
Axesspointe Community Health Centers - Mobile ...,340 S Broadway St,Akron,OH,44308-1529,Summit
AxessPointe Community Health Centers/Kent,1400 S Arlington St UNIT 38,Akron,OH,44306-3771,Summit
Glenville Community Health Center,6835 Broadway Ave,Cleveland,OH,44105-1313,Cuyahoga
MHCHC Mobile Clinic,11100 Saint Clair Ave,Cleveland,OH,44108-1943,Cuyahoga
The MetroHealth System,2500 Metrohealth Dr,Cleveland,OH,44109-1900,Cuyahoga
CAHC City Mission,7300 Saint Clair Ave,Cleveland,OH,44103-1754,Cuyahoga
CAHC East Technical High School,5310 Carnegie Ave FL 1,Cleveland,OH,44103-4360,Cuyahoga
CAHC Frontline Service,2439 E 55th St FL 1,Cleveland,OH,44104-1501,Cuyahoga
CAHC Lauras Home,1744 Payne Ave FL 1,Cleveland,OH,44114-2910,Cuyahoga
CAHC Men's Shelter at 2100 Lakeside,18120 Puritas Ave Bsmt,Cleveland,OH,44135-3832,Cuyahoga
CAHC Mobile Dental Van,2100 Lakeside Ave E FL 2,Cleveland,OH,44114-1126,Cuyahoga
CAHC Norma Herr Womens  Center,2916 Central Ave,Cleveland,OH,44115-3229,Cuyahoga
CAHC Salvation Army - ARC,2227 Payne Ave FL 2,Cleveland,OH,44114-4424,Cuyahoga
Care Alliance Health Center at Woodhill,5005 Euclid Ave FL 2,Cleveland,OH,44103-3745,Cuyahoga
Carl B. Stokes Clinic,2491 Baldwin Rd,Cleveland,OH,44104,Cuyahoga
Central Neighborhood Clinic,6001 Woodland Ave,Cleveland,OH,44104-2762,Cuyahoga
Mobile Clinic,2916 Central Ave,Cleveland,OH,44115-3229,Cuyahoga
St. Clair Clinic,1530 Saint Clair Ave NE,Cleveland,OH,44114-2004,Cuyahoga
FHS - BH @ Edison Elementary School,1912 Hayes Ave STE D,Sandusky,OH,44870-4736,Erie
FHS - BH @ Edison High School,140 S Main St Ofc Counselin,Milan,OH,44846-9735,Erie
FHS - BH @ Edison Middle School,2603 State Route 113 E,Milan,OH,44846-9420,Erie
FHS - BH @ Margaretta Elementary School,20 Center St,Berlin Heights,OH,44814-9603,Erie
FHS - BH @ Margaretta Middle/High School,5906 Bogart Rd W Rm 28,Castalia,OH,44824-9714,Erie
FHS - BH @ Monroeville Local Schools,209 Lowell St Rm 213,Castalia,OH,44824-9332,Erie
FHS - BH @ Townsend Community School,101 West St RM 340,Monroeville,OH,44847-9797,Huron
FHS - Sandusky High School,207 Lowell St RM 212,Castalia,OH,44824-9332,Erie
FHS - Sandusky Middle School,2130A Hayes Ave RM 152,Sandusky,OH,44870-4740,Erie
FHS @ Western Reserve Elementary,318 Columbus Ave RM 129,Sandusky,OH,44870-2616,Erie
FHS @ Western Reserve Middle/High School,3851 US-20,Collins,OH,44826,Huron
FHS – Water Street,3841 US Rte 20 E,Collins,OH,44826,Huron
FHS Behavioral Health - Hayes Avenue,620 E Water St STE A,Sandusky,OH,44870-2994,Erie
FHS Norwalk - 265 Benedict Ave,1912 Hayes Ave STE E,Sandusky,OH,44870-4736,Erie
"OVP - Wheelersburg, Ohio",6276 County Road 107,Proctorville,OH,45669-8867,Lawrence
