Site Name,Site Address,Site City,Site State,Site Zip Code,County
Florida Women's Reception Center,3700 NW 111th Pl,Ocala,FL,34482-1480,Marion
Florida Department of Health in Bradford Count...,1801 N Temple Ave,Starke,FL,32091-1960,Bradford
Florida Department of Health in Union County -...,495 E Main St,Lake Butler,FL,32054-1731,Union
FCI - Marianna,3625 FCI Rd,Marianna,FL,32446-7917,Jackson
RHN - Mobile,3706 N Roosevelt Blvd STE C,Key West,FL,33040-4566,Monroe
RHN - Suite C,3706 N Roosevelt Blvd STE D,Key West,FL,33040-4566,Monroe
RHN - Suite F,3706 N Roosevelt Blvd STE F,Key West,FL,33040-4566,Monroe
RHN Dental - Key West,3706 N Roosevelt Blvd STE E,Key West,FL,33040-4566,Monroe
RHN Medical,3706 N Roosevelt Blvd STE G,Key West,FL,33040-4566,Monroe
RHN Suite C Admin,3706 N Roosevelt Blvd STE C,Key West,FL,33040-4566,Monroe
Federal Correctional Institution - Tallahassee,501 Capital Cir NE,Tallahassee,FL,32301-3558,Leon
Bond Community Health Center (Main Site),1720 S Gadsden St,Tallahassee,FL,32301-5506,Leon
Bond Community Health Center (Mobile Unit),1720 S Gadsden St,Tallahassee,FL,32301-5506,Leon
Bond Community Health Center Specialty & Commu...,1549 S Monroe St,Tallahassee,FL,32301-4312,Leon
Bond on Magnolia,2200 S Monroe St,Tallahassee,FL,32301-6303,Leon
The Smile Connection at Sabal Palm,2813 Ridgeway St,Tallahassee,FL,32310-5003,Leon
BRIGHTON HEALTH CENTER,17201 Civic St NE,Okeechobee,FL,34974-2729,Glades
CLARK CLINIC INC,212 S Florida St,Bushnell,FL,33513-6703,Sumter
6645 Willow Park,6645 Willow Park Dr,Naples,FL,34109-8989,Collier
Children&#39;s Care East,6350 Davis Blvd STE 1001,Naples,FL,34104-5323,Collier
CHS-FSU Primary Care,1441 Heritage Blvd,Immokalee,FL,34142-2260,Collier
Countryside Dental,1749 Heritage Trl STE 801,Naples,FL,34112-7591,Collier
CREEKSIDE PEDIATRICS,1265 Creekside Pkwy STE 208,Naples,FL,34108-1954,Collier
Family Care North,"1265 Creekside Pkwy, Ste 206",Naples,FL,34108-1954,Collier
Friendship Health Center,"2355 Stanford Ct, Apt 701",Naples,FL,34112-4813,Collier
Health and Smiles,1454 Madison Ave W,Immokalee,FL,34142-2200,Collier
Healthcare Network Apple Pediatrics,7795 Davis Blvd STE 206,Naples,FL,34104-5373,Collier
Immokalee Family Care Center,"508 N 9th St, Unit 142",Immokalee,FL,34142-2948,Collier
MARION E FETHER MEDICAL CENTER,1454 Madison Ave W,Immokalee,FL,34142-2200,Collier
Nichols Community Health Center,12655 Collier Blvd,Naples,FL,34116-4005,Collier
Nichols Pediatric Center,5450 Ymca Rd,Naples,FL,34109-5944,Collier
RONALD MCDONALD CARE MOBILE,1454 Madison Ave W,Immokalee,FL,34142-2200,Collier
Total Women's Care of Naples,"1890 SW Health Pkwy, Ste 203",Naples,FL,34109-0473,Collier
CHC Admin - Purchasing,603 S Main St STE 150,Winter Garden,FL,34787-3997,Orange
COMMUNITY HEALTH CENTER - APOPKA DENTAL CARE,210 E 7th St,Apopka,FL,32703-5328,Orange
COMMUNITY HEALTH CENTER - APOPKA FAMILY & OB CARE,225 E 7th St,Apopka,FL,32703-5327,Orange
COMMUNITY HEALTH CENTER - APOPKA PEDIATRIC CARE,618 S Forest Ave,Apopka,FL,32703-5338,Orange
COMMUNITY HEALTH CENTER - BITHLO FAMILY CARE,19108 E Colonial Dr,Orlando,FL,32820-3701,Orange
COMMUNITY HEALTH CENTER - Call Center,301 W Crown Point Rd,Winter Garden,FL,34787,Orange
Community Health Center - Forest City Family &...,7900 Forest City Rd,Orlando,FL,32810-3002,Orange
"COMMUNITY HEALTH CENTER - GROVELAND FAMILY, PE...",1296 W Broad St,Groveland,FL,34736-2012,Lake
COMMUNITY HEALTH CENTER - INFORMATION SERVICES...,184 S Dillard St,Winter Garden,FL,34787-3560,Orange
COMMUNITY HEALTH CENTER - LAKE ELLENOR PEDIATR...,6101 Lake Ellenor Dr STE 106,Orlando,FL,32809-4616,Orange
COMMUNITY HEALTH CENTER - LEESBURG Family Medi...,225 N 1st St,Leesburg,FL,34748-5150,Lake
COMMUNITY HEALTH CENTER - MEADOW WOODS PEDIATR...,849 Greenway Professional Ct,Orlando,FL,32824-9482,Orange
Community Health Center - Pine Hills,840 Mercy Dr,Orlando,FL,32808-7820,Orange
Community Health Centers - West Lakes,710 S Tampa Ave,Orlando,FL,32805-3646,Orange
Community Health Centers Clermont,2140 N Don Wickham Dr STE C,Clermont,FL,34711-1922,Lake
"COMMUNITY HEALTH CENTERS, INC.",110 S Woodland St,Winter Garden,FL,34787-3546,Orange
"Community Health Centers, Inc. Forest City - O...",7912 Forest City Rd,Orlando,FL,32810-2907,Orange
Community Health Centers-Tavares Family Medica...,212 E Main St,Tavares,FL,32778-3808,Lake
Community Health Centers-Winter Garden Family ...,13275 W Colonial Dr,Winter Garden,FL,34787-3984,Orange
ELC at West Lakes,600 S Dollins Ave,Orlando,FL,32805-3009,Orange
Four Corners Health Center,509 Cagan View Rd,Clermont,FL,34714-6405,Lake
12th Avenue Pediatrics,2510 N 12th Ave,Pensacola,FL,32503-4604,Escambia
Airport Boulevard Pediatrics,5868 Creek Station Dr STE A,Pensacola,FL,32504-8627,Escambia
C.A. Weis Elementary School,2701 N Q St,Pensacola,FL,32505-5615,Escambia
Cantonment Adult Primary Care Hwy 29,2400 S Highway 29,Cantonment,FL,32533-5808,Escambia
Cantonment Pediatrics,470 S Highway 29,Cantonment,FL,32533-8695,Escambia
Caroline Street,6671 Caroline St,Milton,FL,32570-4781,Santa Rosa
Century Adult and Family Care,6021 Industrial Blvd,Century,FL,32535-3312,Escambia
Century Pediatrics,501 Church St,Century,FL,32535-2914,Escambia
"Escambia Community Clinics, Inc. Corporate Off...",2315 W Jackson St,Pensacola,FL,32505-7552,Escambia
Fairfield,1295 W Fairfield Dr,Pensacola,FL,32501-1107,Escambia
Highway 90 Pediatrics,4435 Highway 90,Milton,FL,32571-2066,Santa Rosa
Lakeview Adult Primary Care,1201 W Hernandez St BLDG E,Pensacola,FL,32501-1815,Escambia
"Lakeview Center, Inc.",1221 W Lakeview Ave,Pensacola,FL,32501-1857,Escambia
Mobile Van B,1295 W Fairfield Dr,Pensacola,FL,32501-1107,Escambia
Mobile Van D,2315 W Jackson St,Pensacola,FL,32505-7552,Escambia
Mobile Van E,2315 W Jackson St,Pensacola,FL,32505-7552,Escambia
Palafox Primary Care,1400 N Palafox St,Pensacola,FL,32501-2643,Escambia
Palafox Two,1380 N Palafox St,Pensacola,FL,32501-2641,Escambia
Pine Forest High School,2500 Longleaf Dr,Pensacola,FL,32526-8930,Escambia
Trinity Pediatrics,5375 N 9th Ave,Pensacola,FL,32504-8725,Escambia
Waterfront Rescue Mission,350 W Herman St,Pensacola,FL,32505-5249,Escambia
Women's Care,5855 Creek Station Dr,Pensacola,FL,32504-8626,Escambia
Wright Street,2501 W Wright St,Pensacola,FL,32505-7948,Escambia
"Florida Community Health Center, Inc. - Stuart",3441 SE Willoughby Blvd,Stuart,FL,34994-5060,Martin
"Florida Community Health Centers, Inc - Belle ...",941 SE 1st St,Belle Glade,FL,33430-4353,Palm Beach
"Florida Community Health Centers, Inc.",5827 Corporate Way,West Palm Beach,FL,33407-2000,Palm Beach
"Florida Community Health Centers, Inc.  - Pahokee",170 S Barfield Hwy STE 103,Pahokee,FL,33476-1868,Palm Beach
"Florida Community Health Centers, Inc. -  Moor...",1021 Health Park Dr,Moore Haven,FL,33471-6206,Glades
"Florida Community Health Centers, Inc. - Dr. F...",2015 US Highway 441 N,Okeechobee,FL,34972-1901,Okeechobee
"Florida Community Health Centers, Inc. - India...",15858 SW Warfield Blvd,Indiantown,FL,34956-3513,Martin
"Florida Community Health Centers, Inc. - Lakes...",103 NE 19th Dr,Okeechobee,FL,34972-1933,Okeechobee
"Florida Community Health Centers, Inc. - Lakes...",1100 N Parrott Ave,Okeechobee,FL,34972-2129,Okeechobee
"Florida Community Health Centers, Inc.- Clewiston",315 S W C Owen Ave,Clewiston,FL,33440-3637,Hendry
FoundCare - Corporate Way,5730 Corporate Way STE 100,West Palm Beach,FL,33407-2032,Palm Beach
FoundCare - North Palm Beach,840 US Highway 1 STE 120,North Palm Beach,FL,33408-3858,Palm Beach
FoundCare -Yolette Bonnet Center,5867 Okeechobee Blvd,West Palm Beach,FL,33417-4300,Palm Beach
FoundCare Belle Glade,1500 NW Avenue L,Belle Glade,FL,33430-1729,Palm Beach
FoundCare Boynton Beach,1901 S Congress Ave STE 100,Boynton Beach,FL,33426-6556,Palm Beach
FoundCare Health Center,2330 S Congress Ave,West Palm Beach,FL,33406-7608,Palm Beach
FoundCare Mobile Unit,5205 Greenwood Ave,West Palm Beach,FL,33407-2400,Palm Beach
FoundCare West Palm Beach,5205 Greenwood Ave STE 150,West Palm Beach,FL,33407-2406,Palm Beach
GCH Dental Center- Boca Raton,181 Crawford Blvd FL BOTTOM,Boca Raton,FL,33432-3743,Palm Beach
Genesis Community Health at Boynton Beach Comm...,4975 Park Ridge Blvd,Boynton Beach,FL,33426-8318,Palm Beach
Genesis Community Health- Administration,639 E Ocean Ave STE 409,Boynton Beach,FL,33435-5017,Palm Beach
Genesis Community Health- Atlantic Community H...,2455 W Atlantic Ave,Delray Beach,FL,33445-4425,Palm Beach
Genesis Community Health- Boca Medical,600 S Dixie Hwy STE 103,Boca Raton,FL,33432-6034,Palm Beach
Genesis Community Health- Boynton Dental Clinic,2623 S Seacrest Blvd STE 112,Boynton Beach,FL,33435-7531,Palm Beach
Genesis Community Health-Boynton Medical,709 S Federal Hwy STE 3,Boynton Beach,FL,33435-5610,Palm Beach
GRACE PEDIATRICS PL,4196 W US Highway 90,Lake City,FL,32055-8833,Columbia
C. L. Brumback Primary Care Clinic -  Mobile C...,1150 45th St,West Palm Beach,FL,33407-2361,Palm Beach
C. L. Brumback Primary Care Clinic - Mobile 2 ...,1150 45th St,West Palm Beach,FL,33407-2361,Palm Beach
C. L. Brumback Primary Care Clinic - Mobile 3 ...,1150 45th St,West Palm Beach,FL,33407-2361,Palm Beach
C. L. Brumback Primary Care Clinics - Boca Raton,9960 Central Park Blvd N STE 450,Boca Raton,FL,33428-1760,Palm Beach
C. L. Brumback Primary Care Clinics - Delray B...,200 Congress Park Dr STE 100,Delray Beach,FL,33445-4618,Palm Beach
C. L. Brumback Primary Care Clinics - Mangonia...,2051 45th St STE 300,West Palm Beach,FL,33407-2031,Palm Beach
C. L. Brumback Primary Care Clinics – St. Ann ...,2107 N Dixie Hwy,West Palm Beach,FL,33407-6011,Palm Beach
C.L. Brumback Primary Care Clinic-Belle Glade,39200 Hooker Hwy STE 101,Belle Glade,FL,33430-5368,Palm Beach
C.L. Brumback Primary Care Clinic-Delray,225 S Congress Ave,Delray Beach,FL,33445-4616,Palm Beach
C.L. Brumback Primary Care Clinic-Jupiter,411 W Indiantown Rd,Jupiter,FL,33458-3538,Palm Beach
C.L. Brumback Primary Care Clinic-Lake Worth,7408 Lake Worth Rd,Lake Worth,FL,33467-2502,Palm Beach
C.L. Brumback Primary Care Clinic-Lantana,1250 Southwinds Dr,Lantana,FL,33462-1459,Palm Beach
C.L. Brumback Primary Care Clinic-West Palm Beach,1150 45th St,West Palm Beach,FL,33407-2361,Palm Beach
C.L. BrumbackPrimary Care Clinics Administrati...,1515 N Flagler Dr STE 101,West Palm Beach,FL,33401-3429,Palm Beach
CL Brumback Primary Care Clinic-Lewis Center,1000 45th St,West Palm Beach,FL,33407-2416,Palm Beach
Florida Department of Health in Walton County,362 State Highway 83,Defuniak Springs,FL,32433-3800,Walton
Florida Department of Health in Walton County ...,361 Greenway Trl,Santa Rosa Beach,FL,32459-5589,Walton
Maude Saunders Elementary School,416 John Baldwin Rd,Defuniak Springs,FL,32433-3520,Walton
West DeFuniak Elementary School,815,Defuniak Springs,FL,32435,Walton
College Park Elementary Community Clinic,1330 SW 33rd Ave,Ocala,FL,34474-2853,Marion
Heart of Florida Drive Through Pharmacy,1536 S Pine Ave,Ocala,FL,34471-6546,Marion
Heart of Florida Health Center  Dunnellon,19204 E Pennsylvania Ave,Dunnellon,FL,34432-6168,Marion
Heart of Florida Health Center Beacon Point,717 SW Martin Luther King Jr Ave,Ocala,FL,34471-1435,Marion
Heart of Florida Health Center Central,1025 SW 1st Ave,Ocala,FL,34471-0900,Marion
Heart of Florida Health Center Main Location,2553 E Silver Springs Blvd,Ocala,FL,34470-7009,Marion
Heart of Florida Health Center Reddick,4500 NW 152nd Ln,Reddick,FL,32686-3200,Marion
Heart of Florida Health Center Southwest,100 Marion Oaks Blvd,Ocala,FL,34473-2209,Marion
Heart of Florida Health Center The Villages,3365 Wedgewood Ln,The Villages,FL,32162-7181,Sumter
HFHC Belleview,5051 SE 110th St,Belleview,FL,34420-3115,Marion
Ocala West Family Medicine,6041 SW 54th St STE 100,Ocala,FL,34474-5521,Marion
HEARTLAND PEDIATRICS OF LAKE P,344 E Royal Palm St,Lake Placid,FL,33852-5020,Highlands
HEARTLAND PEDIATRICS OF LAKE WALES LLC,1354 State Road 60 E,Lake Wales,FL,33853-4322,Polk
Beaches Community Healthcare - A Sulzbacher Ce...,850 6th Ave S STE 500,Jacksonville Beach,FL,32250-4200,Duval
HOPE PROG. MEDICAL OUTREACH VAN,611 E Adams St,Jacksonville,FL,32202-2847,Duval
I.M. SULZBACHER CENTER FOR THE HOMELESS,611 E Adams St,Jacksonville,FL,32202-2847,Duval
Ribault High School Clinic,3701 Winton Dr,Jacksonville,FL,32208-2998,Duval
Sulzbacher Village Pediatric Health Center,5455 Springfield Blvd,Jacksonville,FL,32208-5166,Duval
The Sulzbacher Center Beach HOPE mobile outrea...,850 6th Ave S STE 200,Jacksonville Beach,FL,32250-4256,Duval
LITTLE PINE PEDIATRICS PLLC,1702 S Jefferson St,Perry,FL,32348-5611,Taylor
LITTLE PINE PEDIATRICS PLLC,194 NE Hancock Ave,Madison,FL,32340-2546,Madison
Neighborhood Medical Center C.V. Butler Building,604 E 5th Ave,Havana,FL,32333-1442,Gadsden
Neighborhood Medical Center Havana Magnet School,1210 Kemp Rd,Havana,FL,32333-1938,Gadsden
Neighborhood Medical Center Lincoln Center,438 W Brevard St,Tallahassee,FL,32301-1004,Leon
Neighborhood Medical Center Smith Williams Center,2295 Pasco St,Tallahassee,FL,32310-0908,Leon
Neighborhood Medical Center South Monroe,2613 S Monroe St,Tallahassee,FL,32301-6308,Leon
"Neighborhood Medical Center, Inc at the Milice...",3013 Jim Lee Rd,Tallahassee,FL,32301-7057,Leon
NMC Mobile Unit 1,872 W Orange Ave,Tallahassee,FL,32310-6123,Leon
NMC Orange Avenue Site,872 W Orange Ave,Tallahassee,FL,32310-6123,Leon
Chattahoochee Elementary School,335 Maple St,Chattahoochee,FL,32324-1547,Gadsden
Crestview Health and Dental Center,800 Hospital Dr,Crestview,FL,32539-7385,Okaloosa
Crossroad Academy Charter School of Business,470 Strong Rd,Quincy,FL,32351-6006,Gadsden
Dental Force One,1249 Strong Rd,Quincy,FL,32351-5248,Gadsden
Eastpoint Medical Center,158 US Highway 98,Eastpoint,FL,32328-3304,Franklin
Edwins Elementary School,7 Wright Pkwy SW,Fort Walton Beach,FL,32548-5277,Okaloosa
Elliott Point Elementary School,301 Hughes St NE,Fort Walton Beach,FL,32548-6403,Okaloosa
Family Medical Center,412 SW Highway 351,Cross City,FL,32628-3827,Dixie
George W. Munroe Elementary School,1830 W King St,Quincy,FL,32351-2013,Gadsden
Health Force One,1249 Strong Rd,Quincy,FL,32351-5248,Gadsden
Jessie Furlow Medical Center,1249 Strong Rd,Quincy,FL,32351-5248,Gadsden
Longwood Elementary School,50 Holly Ave,Shalimar,FL,32579-1173,Okaloosa
Madison Medical Center,235 SW Dade St,Madison,FL,32340-2363,Madison
North Florida Medical - Madison,417 W Base St,Madison,FL,32340-2064,Madison
North Florida Medical - Perry,1850 S Byron Butler Pkwy,Perry,FL,32348-5508,Taylor
"North Florida Medical Centers, Inc.",2804 Remington Green Cir,Tallahassee,FL,32308-8707,Leon
North Monroe Medical Center,3721 N Monroe St,Tallahassee,FL,32303-2740,Leon
River Valley Medical Center,710 W Main St,Mayo,FL,32066-4127,Lafayette
Steinhatchee School,1209 1st Ave SE,Steinhatchee,FL,32359-2686,Taylor
Stewart Street Elementary School,749 S Stewart St,Quincy,FL,32351-4420,Gadsden
Taylor County Elementary School,1600 E Green St,Perry,FL,32347-3712,Taylor
Taylor County Primary School,1000 Howard St,Perry,FL,32347-3635,Taylor
"WAKULLA MEDICAL CENTER, INC.",1328 Coastal Hwy,Panacea,FL,32346-2151,Wakulla
WEWAHITCHKA MEDICAL CENTER,255 W River Rd,Wewahitchka,FL,32465-4533,Gulf
Wright Elementary,305 Lang Rd,Fort Walton Beach,FL,32547-3122,Okaloosa
NORTH FLORIDA PEDIATRICS,1117 US Highway 41 NW,Jasper,FL,32052-5856,Hamilton
NORTH FLORIDA PEDIATRICS PA,417 E Call St,Starke,FL,32091-3401,Bradford
NORTH FLORIDA PEDIATRICS PA,149 NE 241st St,Cross City,FL,32628-3305,Dixie
NORTH FLORIDA PEDIATRICS PA,2220 N Young Blvd,Chiefland,FL,32626-1956,Levy
NORTH FLORIDA PEDIATRICS PA,1859 SW Newland Way,Lake City,FL,32025-6966,Columbia
Freeport Clinic,479 State Highway 20 E,Freeport,FL,32439-3931,Walton
Muscogee Creek Indian Tribal Health Center,278 Church Rd,Bruce,FL,32455-4769,Walton
PanCare - Blountstown,16875 NE Cayson St,Blountstown,FL,32424-2209,Calhoun
PanCare - Bonifay,495 Saint Johns Rd,Bonifay,FL,32425-4237,Holmes
PanCare - Chipley,1414 Main St STE 4,Chipley,FL,32428-6951,Washington
PanCare Carrabelle Dental,106 NE 5th St,Carrabelle,FL,32322-3529,Franklin
PanCare Dental - Panama City,403 E 11th St,Panama City,FL,32401-3409,Bay
PanCare Health - Franklin County School Dental...,1250 US Highway 98,Eastpoint,FL,32328-3652,Franklin
PanCare Health - Panama City,2309 E 15th St,Panama City,FL,32405-6345,Bay
PanCare Health – Gulf County,401 Cecil G Costin Sr Blvd,Port Saint Joe,FL,32456-1928,Gulf
PanCare Health Dental Mobile Unit,403 E 11th St,Panama City,FL,32401-3409,Bay
PanCare Health Gulf Coast,5230 W Highway 98,Panama City,FL,32401-1041,Bay
PanCare Health Malone,5336 10th St,Malone,FL,32445-3429,Jackson
PanCare Health Mobile Medical/Dental Unit #2,479 State Highway 20 E,Freeport,FL,32439-3931,Walton
PanCare Health Mobile Optometry,4126 Independent Dr,Marianna,FL,32448-4023,Jackson
PanCare Health Mobile Unit #1,2309 E 15th St,Panama City,FL,32405-6345,Bay
PanCare Health Mobile Unit #12,401 Cecil G Costin Sr Blvd,Port Saint Joe,FL,32456-1928,Gulf
PanCare Health Mobile Unit #3,495 Saint Johns Rd,Bonifay,FL,32425-4237,Holmes
PanCare Health Mobile Unit #4,11033 NW State Road 20,Bristol,FL,32321-6406,Liberty
PanCare Health Mobile Unit #5,2309 E 15th St,Panama City,FL,32405-6345,Bay
PanCare Health Mobile Unit #6,2309 E 15th St,Panama City,FL,32405-6345,Bay
PanCare Health Mobile Unit #8,2309 E 15th St,Panama City,FL,32405-6345,Bay
PanCare Health Mobile Unit #9,2309 E 15th St,Panama City,FL,32405-6345,Bay
PanCare Health Wewahitchka,807 Highway 22,Wewahitchka,FL,32465-3237,Gulf
PanCare Marianna,4126 Independent Dr,Marianna,FL,32448-4023,Jackson
PanCare Wellness Center,1515 June Ave,Panama City,FL,32405-3759,Bay
PanCare Youngstown,12427 Highway 231,Youngstown,FL,32466-2562,Bay
PanCare-Liberty,11033 NW State Road 20,Bristol,FL,32321-6406,Liberty
PEDIATRIC AND INTERNAL MEDICINE SPECIALISTS PA,1990 N Prospect Ave,Lecanto,FL,34461-9792,Citrus
"PREMIER PEDIATRICS, LLC",7960 SW 60th Ave,Ocala,FL,34476-6408,Marion
Osceola Community Health Services @ Mobile Den...,1877 Fortune Rd,Kissimmee,FL,34744-4428,Osceola
Osceola Community Health Services @ Mobile Hea...,1877 Fortune Rd,Kissimmee,FL,34744-4428,Osceola
Osceola Community Health Services at Backlot,8600 W Irlo Bronson Memorial Hwy,Kissimmee,FL,34747-1001,Osceola
Osceola Community Health Services at Buenavent...,2622 Simpson Rd,Kissimmee,FL,34744-4674,Osceola
Osceola Community Health Services at Cameron P...,4303 Cameron Preserve Cir,Kissimmee,FL,34746-6304,Osceola
Osceola Community Health Services at Intercess...,1703 Business Center Ln,Kissimmee,FL,34758-1801,Osceola
Osceola Community Health Services at Orange Bl...,201 Hilda St STE 25,Kissimmee,FL,34741-2359,Osceola
Osceola Community Health Services at Park Place,200 Park Place Blvd,Kissimmee,FL,34741-2344,Osceola
Osceola Community Health Services at Poinciana,109 N Doverplum Ave,Kissimmee,FL,34758-3309,Osceola
Osceola Community Health Services at St. Cloud,1050 Grape Ave,Saint Cloud,FL,34769-3965,Osceola
Osceola Community Health Services at Stadium P...,1501 Bill Beck Blvd,Kissimmee,FL,34744-9516,Osceola
Osceola Community Health Services Dental,1875 Fortune Rd,Kissimmee,FL,34744-4428,Osceola
"Primary Care Medical Services of Poinciana, In...",1877 Fortune Rd,Kissimmee,FL,34744-4428,Osceola
QUINCY MEDICAL GROUP,178 Lasalle Lefall Dr,Quincy,FL,32351-5278,Gadsden
AZA HEALTH,1302 River St,Palatka,FL,32177-5042,Putnam
AZA HEALTH,1213 State Road 20,Interlachen,FL,32148-2737,Putnam
AZA HEALTH,100 Commercial Dr,Keystone Heights,FL,32656-6802,Clay
AZA HEALTH,306 Union Ave,Crescent City,FL,32112-4432,Putnam
AZA HEALTH,405 Elm St,Welaka,FL,32193-2125,Putnam
AZA HEALTH,2503 President St,Palatka,FL,32177-5433,Putnam
AZA HEALTH,22066 SE 71st Ave,Hawthorne,FL,32640-3969,Alachua
AZA HEALTH,410 NE Waldo Rd,Gainesville,FL,32641-5685,Alachua
AZA HEALTH,1305 N Orange Ave STE 120-123,Green Cove Springs,FL,32043-2547,Clay
AZA HEALTH,460 Palm Coast Pkwy SW STE 5,Palm Coast,FL,32137-4786,Flagler
AZA HEALTH,1455 Dunn Ave,Daytona Beach,FL,32114-1437,Volusia
AZA HEALTH,1425 Dunn Ave,Daytona Beach,FL,32114-1437,Volusia
AZA HEALTH,146 Comfort Rd,Palatka,FL,32177-8636,Putnam
TMH PHYSICIAN PARTNERS WAKULLA,15 Council Moore Rd,Crawfordville,FL,32327-3117,Wakulla
Palms Dentistry - Lake City,171 NW Albritton Ln,Lake City,FL,32055-4451,Columbia
Palms Medical Group - Administration,23343 NW County Road 236,High Springs,FL,32643-9669,Alachua
Palms Medical Group - Bell,1830 N Main St,Bell,FL,32619-4713,Gilchrist
Palms Medical Group - Branford,103 US Highway 27 SW,Branford,FL,32008-2767,Suwannee
Palms Medical Group - Chiefland,410 N Main St STE 1,Chiefland,FL,32626-0866,Levy
Palms Medical Group - Fleming Island,2349 Village Square Pkwy STE 110-111,Fleming Island,FL,32003-6355,Clay
Palms Medical Group - Gainesville,200 SW 62nd Blvd,Gainesville,FL,32607-6030,Alachua
Palms Medical Group - High Springs Admin,16916 NW US Highway 441,High Springs,FL,32643-8102,Alachua
Palms Medical Group - Lake City,173 NW Albritton Ln,Lake City,FL,32055-4451,Columbia
Palms Medical Group - Lake City West,4784 W US Highway 90,Lake City,FL,32055-3101,Columbia
Palms Medical Group - Live Oak SCSB,300 Pinewood Dr SW,Live Oak,FL,32064-4029,Suwannee
Palms Medical Group - Orange Park,"2233 Park Ave, Ste 403",Orange Park,FL,32073-5569,Clay
Palms Medical Group - Starke,550 Georgia St,Starke,FL,32091-1816,Bradford
Palms Medical Group - Trenton,911 S Main St,Trenton,FL,32693-3239,Gilchrist
Palms Medical Group - Williston,630 N Main St,Williston,FL,32696-1705,Levy
Palms Medical Group – High Springs,23476 NW 186th Ave,High Springs,FL,32643-0673,Alachua
Palms Medical Group Administration - Conference,23327 NW County Road 236,High Springs,FL,32643-8926,Alachua
Palms Medical Group Live Oak,211 Ranchera St NW,Live Oak,FL,32064-4866,Suwannee
IMMOKALEE HEALTH CENTER,1120 S 1st St,Immokalee,FL,34142-4303,Collier
Banyan Care Mobile,3733 W Flagler St,Miami,FL,33134-1601,Miami-Dade
Banyan Community Health Center - Admin Only,2300 NW 89th Pl,Doral,FL,33172-2431,Miami-Dade
Banyan Community Health Center - W. Flagler,3800 W Flagler St,Coral Gables,FL,33134-1604,Miami-Dade
Banyan Community Health Center 3850 Miami,3850 W Flagler St,Coral Gables,FL,33134-1604,Miami-Dade
Banyan Community Health Center-Cutler Bay,10720 Caribbean Blvd,Cutler Bay,FL,33189-1218,Miami-Dade
Banyan Community Health Center-Lauderdale Lakes,4900 W Oakland Park Blvd FL 3,Lauderdale Lakes,FL,33313-7500,Broward
Banyan Community Health Center-Lauderdale Lake...,4900 W Oakland Park Blvd STE 101,Lauderdale Lakes,FL,33313-1555,Broward
Flagler Main Site,3733 W Flagler St,Miami,FL,33134-1601,Miami-Dade
BIG CYPRESS HEALTH CENTER,31055 Josie Billie Hwy,Clewiston,FL,33440,Hendry
Bent Tree Elementary School,4861 SW 140th Ave,Miami,FL,33175-4807,Miami-Dade
Biscayne Elementary School,800 77th St,Miami Beach,FL,33141-2209,Miami-Dade
BMC Carrie Meek Center,7801 NE 2nd Ave,Miami,FL,33138-4804,Miami-Dade
BMC Emilio Lopez Pavilion (Main Site),3601 Federal Hwy,Miami,FL,33137-3795,Miami-Dade
BMC Flagami Center,5040 NW 7th St,Miami,FL,33126-3422,Miami-Dade
BMC Mobile Medical Vans,3601 Federal Hwy,Miami,FL,33137-3795,Miami-Dade
BMC Sweetwater/West Dade Center,10528 SW 8th St,Miami,FL,33174-2602,Miami-Dade
Borinquen Medical Centers at Wynwood,2691 NE 2nd Ave BLDG,Miami,FL,33137-4414,Miami-Dade
Borinquen North Miami Geriatric Center,12603 NE 7th Ave,North Miami,FL,33161-4813,Miami-Dade
Borinquen North Miami Medical Center,708 NE 125th St,North Miami,FL,33161-5612,Miami-Dade
Borinquen North Miami Specialty Care Center,681 NE 125th St,North Miami,FL,33161-5503,Miami-Dade
Charles R. Hadley Elementary School,8400 NW 7th St,Miami,FL,33126-3802,Miami-Dade
Coconut Grove Elementary School,3351 Matilda St,Coconut Grove,FL,33133-5138,Miami-Dade
Comstock Elementary School,2420 NW 18th Ave,Miami,FL,33142-7524,Miami-Dade
Coral Gables Senior High School,450 Bird Rd,Coral Gables,FL,33146-1306,Miami-Dade
Dante B. Fascell Elementary,15625 SW 80th St,Miami,FL,33193-2629,Miami-Dade
EWF Stirrup Elementary School,330 NW 97th Ave,Miami,FL,33172-4107,Miami-Dade
Fienberg Fisher K-8,1420 Washington Ave,Miami Beach,FL,33139-4110,Miami-Dade
Frances S. Tucker Elementary School,3500 S Douglas Rd,Miami,FL,33133-5708,Miami-Dade
George Washington Carver Middle School,4901 Lincoln Dr,Coral Gables,FL,33133-5635,Miami-Dade
Holmes Elementary School,1175 NW 67th St,Miami,FL,33150-4145,Miami-Dade
Itech @ Thomas A. Edison High School,6101 NW 2nd Ave,Miami,FL,33127-1211,Miami-Dade
Jane S. Roberts K-8 Center,14850 Cottonwood Cir,Miami,FL,33185-4074,Miami-Dade
Lenora B. Smith Elementary,4700 NW 12th Ave,Miami,FL,33127-2214,Miami-Dade
Liberty City Elementary School,1855 NW 71st St,Miami,FL,33147-6334,Miami-Dade
Marjorie Stoneman Douglas Elementary School,11901 SW 2nd St,Miami,FL,33184-1601,Miami-Dade
Miami Beach Senior High School,2231 Prairie Ave,Miami Beach,FL,33139-1517,Miami-Dade
Miami Edison Senior High School,6161 NW 5th Ct,Miami,FL,33127-1259,Miami-Dade
Miami Senior High School,2450 SW 1st St,Miami,FL,33135-1402,Miami-Dade
Nautilus Middle School,4301 N Michigan Ave,Miami Beach,FL,33140-2914,Miami-Dade
North Beach Elementary School,4100 Prairie Ave,Miami Beach,FL,33140-3515,Miami-Dade
North Miami Dental Clinic,12601 NE 7th Ave,North Miami,FL,33161-4813,Miami-Dade
Palm Springs Middle School,1025 W 56th St,Hialeah,FL,33012-2367,Miami-Dade
Paul W. Bell Middle School,11850 SW 2nd St,Miami,FL,33184-1702,Miami-Dade
Ponce De Leon Middle School,5801 Augusto St,Miami,FL,33146-2606,Miami-Dade
Riverside Elementary School,1190 SW 2nd St,Miami,FL,33130-1059,Miami-Dade
Riviera  Middle School,10301 SW 48th St,Miami,FL,33165-5639,Miami-Dade
Rockway Middle School,9393 SW 29th Ter,Miami,FL,33165-3106,Miami-Dade
Ruben Dario Middle School,350 NW 97th Ave,Miami,FL,33172-4107,Miami-Dade
Ruth K Broad K-8,1155 93rd St,Bay Harbor Islands,FL,33154-3907,Miami-Dade
Santa Clara Elementary School,1051 NW 29th Ter,Miami,FL,33127-3842,Miami-Dade
Silver Bluff Elementary School,2609 SW 25th Ave,Miami,FL,33133-2214,Miami-Dade
South Pointe Elementary School,1050 4th St,Miami Beach,FL,33139-6809,Miami-Dade
Sunset Elementary School,5120 Sunset Dr,Miami,FL,33143-6024,Miami-Dade
Treasure Island Elementary School,7450 E Treasure Dr,Miami Beach,FL,33141,Miami-Dade
Tropical Elementary School,4545 SW 104th Ave,Miami,FL,33165-5634,Miami-Dade
BHA Admin Woodland,4315 Woodland Park Dr,West Melbourne,FL,32904-2097,Brevard
BHA Barton Commons,220 Barton Blvd,Rockledge,FL,32955-2742,Brevard
BHA Barton Commons Medical Dental Mobile,220 Barton Blvd UNIT C14,Rockledge,FL,32955-2742,Brevard
BHA Circles of Care Melbourne Clinic,2000 Commerce Dr,Melbourne,FL,32904-2335,Brevard
BHA Evans Center Clinic,1361 Florida Ave NE APT 2,Palm Bay,FL,32905-2650,Brevard
BHA Heritage Park,2550 Grant St STE 137,Melbourne,FL,32901-6006,Brevard
BHA Malabar Clinic,775 Malabar Rd,Malabar,FL,32950-3120,Brevard
BHA Melbourne Clinic,17 Silver Palm Ave,Melbourne,FL,32901-3123,Brevard
BHA PALM BAY CLINIC,5270 Babcock St NE STE 1,Palm Bay,FL,32905-4616,Brevard
BHA Port St. John,7227 N Highway 1 STE 300,Cocoa,FL,32927-5034,Brevard
BHA Sarno Regional Clinic,2120 Sarno Rd STE 2120,Melbourne,FL,32935-3084,Brevard
BHA School Based Service Site Endeavour,905 Pineda St,Cocoa,FL,32922-6370,Brevard
BHA TITUSVILLE CLINIC,1537 N Singleton Ave,Titusville,FL,32796-1679,Brevard
BHA University Dental Clinic,601 E University Blvd,Melbourne,FL,32901-7121,Brevard
BHA Valentine Clinic,1315 Valentine St,Melbourne,FL,32901-3127,Brevard
Camillus Health Concern Medical Mobile Van #1,336 NW 5th St,Miami,FL,33128-1616,Miami-Dade
"Camillus Health Concern, Greer Building",336 NW 5th St,Miami,FL,33128-1616,Miami-Dade
Camillus House FPL Welcome Center,1545 NW 7th Ave,Miami,FL,33136-1403,Miami-Dade
Health Resource Center at Salvation Army,1907 NW 38th St Rm 195,Miami,FL,33142-5446,Miami-Dade
Care Resource Community Health Center at 1680 ...,1680 Michigan Ave STE 912,Miami Beach,FL,33139-2550,Miami-Dade
Care Resource Community Health Center at Ft. L...,871 W Oakland Park Blvd,Wilton Manors,FL,33311-1731,Broward
Care Resource Community Health Center at Littl...,1901 SW 1st St,Miami,FL,33135-1601,Miami-Dade
Care Resource Community Health Center at Miami,3510 Biscayne Blvd,Miami,FL,33137-3840,Miami-Dade
"Care Resource Community Health Center, Inc at ...",3160 Powerline Rd,Oakland Park,FL,33309-5911,Broward
Center for Family and Child Enrichment,3510 Biscayne Blvd,Miami,FL,33137-3840,Miami-Dade
Excelsior Charter Academy,3510 Biscayne Blvd,Miami,FL,33137-3840,Miami-Dade
CenterPlace Health North Port Health Center,1825 NW 167th St,Miami Gardens,FL,33056-4838,Miami-Dade
CenterPlace Health Ringling Health Center,18200A NW 22nd Ave,Miami Gardens,FL,33056-3747,Miami-Dade
CenterPlace Health Venice Family Services,1750 17th St STE N,Sarasota,FL,34234-8690,Sarasota
CenterPlace Health Women&#39;s and Children&#3...,6950 Outreach Way,North Port,FL,34287-3405,Sarasota
North Port Behavioral Health Services Center,2200 Ringling Blvd,Sarasota,FL,34237,Sarasota
Airport Health Center,2350 Scenic Dr,Venice,FL,34293-1510,Sarasota
Alafaya Health Center,1750 17th St STE E,Sarasota,FL,34234-8666,Sarasota
Casselberry Health Center,6919 Outreach Way,North Port,FL,34287-3493,Sarasota
Harvest Time International Health Center,400 W Airport Blvd,Sanford,FL,32773-5489,Seminole
Hoffner Health Center,11881 E Colonial Dr STE A,Orlando,FL,32826-4723,Orange
Lake Underhill Health Center,1120 State Road 436,Casselberry,FL,32707-6100,Seminole
Mobile Medical Unit,905 Historic Goldsboro Blvd,Sanford,FL,32771-2415,Seminole
Mobile Medical/Dental Unit,225 Harvest Time Dr,Sanford,FL,32771-8814,Seminole
Sanford Health Center,5449 S Semoran Blvd STE 14,Orlando,FL,32822-1778,Orange
Southside Health Center,5730 Lake Underhill Rd,Orlando,FL,32807-4366,Orange
CFHC Administrative Office,4930 E Lake Mary Blvd,Sanford,FL,32771-5003,Seminole
CFHC Avon Park Primary Care,4930 E Lake Mary Blvd,Sanford,FL,32771-5003,Seminole
CFHC Davenport Primary Care,6101 Lake Ellenor Dr STE 105,Orlando,FL,32809-4616,Orange
CFHC Frostproof Primary Care,47 5th St NW,Winter Haven,FL,33881-4672,Polk
CFHC Haines City Primary Care,950 County Road 17A W,Avon Park,FL,33825-2164,Highlands
CFHC IT and QI,130 Ridge Center Dr,Davenport,FL,33837-6413,Polk
CFHC Lake Wales Primary Care,916 Dundee Rd,Dundee,FL,33838-4198,Polk
CFHC Lakeland Hills Dental,109 W Wall St,Frostproof,FL,33843-2043,Polk
CFHC Lakeland Pediatrics and Dental,705 Ingraham Ave,Haines City,FL,33844-4327,Polk
CFHC Lakeland Primary Care,200 Avenue B NW,Winter Haven,FL,33881-4536,Polk
CFHC Mobile 3,305 W Central Ave,Lake Wales,FL,33853-4015,Polk
CFHC Mobile Unit 1,1417 Lakeland Hills Blvd STE 101,Lakeland,FL,33805-3200,Polk
CFHC Mulberry Primary Care,601 S Florida Ave,Lakeland,FL,33801-5237,Polk
CFHC School Based Crystal Lake Elementary.,1129 N Missouri Ave,Lakeland,FL,33805-4411,Polk
CFHC Wauchula Primary Care,201 Magnolia Ave SW,Winter Haven,FL,33880-2943,Polk
CFHC Winter Haven Behavioral Health and Integr...,950 County Road 17A W,Avon Park,FL,33825-2164,Highlands
CFHC Winter Haven Primary Care,106 NW 9th Ave,Mulberry,FL,33860-2922,Polk
CFHC Winter Haven Women and Children,903 Lowry Ave STE 1,Lakeland,FL,33801-7545,Polk
COVID 19 Central Supply,807 Cobb Ct,Wauchula,FL,33873-3161,Hardee
Health Center Operations Support Center,244 Avenue D SW,Winter Haven,FL,33880-3423,Polk
Mobile Unit 2,1514 1st St N,Winter Haven,FL,33881-2476,Polk
BARBARA GOLEMAN SENIOR HS SBHC,1932 5th St NW,Winter Haven,FL,33881-2106,Polk
Brentwood Elementary School,153 2nd St NW,Winter Haven,FL,33881-4515,Polk
Bunch Park Elementary School,705 Ingraham Ave,Haines City,FL,33844-4327,Polk
CAROL CITY MIDDLE SCHOOL SBHC,14100 NW 89th Ave,Miami Lakes,FL,33018-1384,Miami-Dade
CHANCE Hollywood Office,3101 NW 191st St,Miami Gardens,FL,33056-3068,Miami-Dade
CHN MDC Homestead,16001 E Bunche Park Dr,Miami Gardens,FL,33054-2061,Miami-Dade
CHN MDC Kendall,4375 NW 173rd Dr,Miami Gardens,FL,33055-3773,Miami-Dade
CHN MDC Medical,3737 NW 188th St,Miami Gardens,FL,33055-2856,Miami-Dade
CHN MDC North,5012 Hollywood Blvd STE 200,Hollywood,FL,33021-6549,Broward
CHN MDC Padr&#243;n,500 College Ter Rm A231,Homestead,FL,33030-6009,Miami-Dade
CHN MDC West,11011 SW 104th St Rm R200,Miami,FL,33176-3330,Miami-Dade
CHN MDC Wolfson,950 NW 20th St Rm 1355-04,Miami,FL,33127-4622,Miami-Dade
Citrus Health Center West,11380 NW 27th Ave Rm 6109,Miami,FL,33167-3418,Miami-Dade
"CITRUS HEALTH NETWORK, INC.",627 SW 27th Ave Rm 3210,Miami,FL,33135-2937,Miami-Dade
Citrus Maternal and Child Health Center,3800 NW 115th Ave Rm 2114-05,Doral,FL,33178-4856,Miami-Dade
CITRUS MED,300 NE 2nd Ave Rm 3115-8,Miami,FL,33132-2204,Miami-Dade
Citrus OBGYN Care,8765 SW 165th Ave STE 110-114,Miami,FL,33193-5831,Miami-Dade
Clubhouse,4175 W 20th Ave,Hialeah,FL,33012-5874,Miami-Dade
Clubhouse Day by Day Expansion,551 W 51st Pl,Hialeah,FL,33012-3601,Miami-Dade
Coral Gables Day Treatment,4125 W 20th Ave,Hialeah,FL,33012-5874,Miami-Dade
Early Childhood Development,777 E 25th St STE 316,Hialeah,FL,33013-3849,Miami-Dade
Embrace clinic,6500 W 4th Ave STE 29,Hialeah,FL,33012-6606,Miami-Dade
Flagami Elementary School,6500 W 4th Ave STE 27,Hialeah,FL,33012-6606,Miami-Dade
HENRY H. FILER MIDDLE SCHOOL,5564 SW 8th St,Coral Gables,FL,33134-2220,Miami-Dade
Hialeah Middle School,8200 NW 33rd St STE 102,Doral,FL,33122-1942,Miami-Dade
Hialeah Skills Center,1645 SW 107th Ave STE 114A,Miami,FL,33165-7344,Miami-Dade
Hialeah Skills II,920 SW 76th Ave,Miami,FL,33144-4430,Miami-Dade
Hialeah Skills Suite 105,531 W 29th St,Hialeah,FL,33012-5711,Miami-Dade
Hialeah-Miami Lakes Senior High School,60 E 3rd St STE 101-111,Hialeah,FL,33010-4965,Miami-Dade
John G. Dupuis Elementary School,240 E 1st Ave STE 103,Hialeah,FL,33010-4923,Miami-Dade
Kiva,240 E 1st Ave STE 105,Hialeah,FL,33010-4923,Miami-Dade
Lotus House Shelter,240 E 1st Ave STE 107,Hialeah,FL,33010-4923,Miami-Dade
Ludlam Elementary School,7977 W 12th Ave,Hialeah,FL,33014-3534,Miami-Dade
MAE WALTERS ELEMENTARY SBHC,1150 W 59th Pl,Hialeah,FL,33012-2309,Miami-Dade
Maternal and Child Health Center Extension,1339 SE 9th Ave,Hialeah,FL,33010-5907,Miami-Dade
Miami Dade College Hialeah,217 NW 15th St STE A,Miami,FL,33136-1832,Miami-Dade
MIAMI LAKES MIDDLE SCHOOL SBHC,6639 SW 74th St,South Miami,FL,33143-4621,Miami-Dade
North County Elementary School,650 W 33rd St,Hialeah,FL,33012-5113,Miami-Dade
Palm Center Adult Support Services,514 W 51st Pl,Hialeah,FL,33012-3681,Miami-Dade
Palm Center Adult Support Services,1780 W 49th St,Hialeah,FL,33012-2918,Miami-Dade
Palm Center Adult Support Services,6425 Miami Lakeway N,Miami Lakes,FL,33014-6643,Miami-Dade
Palm Center Adult Support Services,3250 NW 207th St,Miami Gardens,FL,33056-1379,Miami-Dade
Palm Center Adult Support Services,150 E 1st Ave STE 109,Hialeah,FL,33010-4925,Miami-Dade
Palm Center Adult Support Services,150 E 1st Ave STE 113,Hialeah,FL,33010-4925,Miami-Dade
Palm Center Adult Support Services,150 E 1st Ave STE 111,Hialeah,FL,33010-4925,Miami-Dade
Palm Center Adult Support Services,150 E 1st Ave STE 115,Hialeah,FL,33010-4925,Miami-Dade
Palm Center Adult Support Services,240 E 1st Ave STE 114,Hialeah,FL,33010-4923,Miami-Dade
Palm Center Adult Support Services,240 E 1st Ave STE 115,Hialeah,FL,33010-4923,Miami-Dade
Palm Center Adult Support Services,240 E 1st Ave STE 116,Hialeah,FL,33010-4923,Miami-Dade
Palm Center Adult Support Services,240 E 1st Ave STE 118,Hialeah,FL,33010-4972,Miami-Dade
Palm Center Adult Support Services,240 E 1st Ave STE 117,Hialeah,FL,33010-4972,Miami-Dade
Palm Center Clinic,240 E 1st Ave STE 119,Hialeah,FL,33010-4972,Miami-Dade
Palm Center Homeless Support Services Site,240 E 1st Ave STE 124,Hialeah,FL,33010-4972,Miami-Dade
Palm Center Outpatient,240 E 1st Ave STE 120,Hialeah,FL,33010-4972,Miami-Dade
Palm Lakes Elementary School,240 E 1st Ave STE 201,Hialeah,FL,33010-4972,Miami-Dade
Rockaway Elementary School,60 E 3rd St STE 102/105,Hialeah,FL,33010-4965,Miami-Dade
South Miami Middle School,150 E 1st Ave STE 103-105,Hialeah,FL,33010-4962,Miami-Dade
South Miami Senior High,240 E 1st Ave STE 115,Hialeah,FL,33010-4923,Miami-Dade
Sylvania Heights Elementary School,7450 W 16th Ave,Hialeah,FL,33014-3832,Miami-Dade
Taylor Clinic,2790 SW 93rd Ct,Miami,FL,33165-3144,Miami-Dade
West Miami Middle,6750 SW 60th St,Miami,FL,33143-1909,Miami-Dade
Evara Gold - Suncoast,5901 SW 16th St,Miami,FL,33155-2106,Miami-Dade
Evara Health - Bayfront,8400 S Palm Dr,Pembroke Pines,FL,33025-4536,Broward
Evara Health - Campbell Park,7525 Coral Way,Miami,FL,33155-1405,Miami-Dade
Evara Health - Clearwater Dental,5523 Roosevelt Blvd,Clearwater,FL,33760-3425,Pinellas
Evara Health - Dunedin,701 6th St S Spc 741,St Petersburg,FL,33701-4814,Pinellas
Evara Health - Highpoint,701 16th St S BLDG 7,St Petersburg,FL,33705-2135,Pinellas
Evara Health - Johnnie Ruth Clarke,707 Druid Rd E,Clearwater,FL,33756-3913,Pinellas
Evara Health - Largo,702 Jasmine Way,Clearwater,FL,33756-4086,Pinellas
Evara Health - Lealman,1721 Main St,Dunedin,FL,34698-6402,Pinellas
Evara Health - Mobile Health Center,14100 58th St N,Clearwater,FL,33760-9900,Pinellas
Evara Health - Mobile Health Center 2,1344 22nd St S,Saint Petersburg,FL,33712-2744,Pinellas
Evara Health - Oldsmar,12420 130th Ave N,Largo,FL,33774-1919,Pinellas
Evara Health - Pinellas Park,4950 34th St N,St Petersburg,FL,33714-3031,Pinellas
Evara Health - St Petersburg,1344 22nd St S,St Petersburg,FL,33712-2744,Pinellas
Evara Health - Tarpon Springs,14100 58th St N,Clearwater,FL,33760-9900,Pinellas
Evara Health - Tarpon Springs Dental,3860 Tampa Rd STE C,Oldsmar,FL,34677-3022,Pinellas
Avocado Elementary,612 Dr Martin Luther King Jr St N,St Petersburg,FL,33705-1403,Pinellas
Bent Tree Elementary School,247 S Huey Ave,Tarpon Springs,FL,34689-4205,Pinellas
Bowman Ashe / Doolin K-8 Lower Academy,721 E Lime St,Tarpon Springs,FL,34689,Pinellas
Campbell Drive K-8 Center,16969 SW 294th St,Homestead,FL,33030-2541,Miami-Dade
COCONUT GROVE HEALTH CENTER,4861 SW 140th Ave,Miami,FL,33175-4807,Miami-Dade
Colonial Drive Elementary,6601 SW 152nd Ave,Miami,FL,33193-2152,Miami-Dade
Cutler Bay Middle School,6401 SW 152nd Ave,Miami,FL,33193-2169,Miami-Dade
Dante B. Fascell Elementary School,15790 SW 307th St,Homestead,FL,33033-4200,Miami-Dade
DORIS ISON HEALTH CENTER,3831 Grand Ave,Miami,FL,33133-4862,Miami-Dade
Dorothy M. Wallace COPE Center,10755 SW 160th St,Miami,FL,33157-2947,Miami-Dade
Dr. Henry E. Perrine Academy of the Arts,19400 Gulfstream Rd,Cutler Bay,FL,33157-8658,Miami-Dade
Dr. William A. Chapman Elementary,15626 SW 80th St,Miami,FL,33193-2628,Miami-Dade
EVERGLADES HEALTH CENTER,10300 SW 216th St,Cutler Bay,FL,33190-1003,Miami-Dade
Florida City Elementary,10225 SW 147th Ter,Miami,FL,33176-7744,Miami-Dade
G. Holmes Braddock Senior High School,8851 SW 168th St,Palmetto Bay,FL,33157-4549,Miami-Dade
Gateway Environmental K-8 Learning Center,27190 SW 140th Ave,Homestead,FL,33032-8400,Miami-Dade
Goulds Elementary School,19300 SW 376th St,Florida City,FL,33034-6300,Miami-Dade
Hammocks Health Center,364 NW 6th Ave,Florida City,FL,33034-3216,Miami-Dade
Herbert A. Ammons Middle School,3601 SW 147th Ave,Miami,FL,33185-3916,Miami-Dade
Homestead Middle,955 SE 18th Ave,Homestead,FL,33035-1901,Miami-Dade
Homestead Senior High School,23555 SW 112th Ave,Homestead,FL,33032-4506,Miami-Dade
Howard D. McMillan Middle,14591 SW 120th St,Miami,FL,33186-8638,Miami-Dade
Irving & Beatrice Peskoe K-8 Center,17990 SW 142nd Ave,Miami,FL,33177-7774,Miami-Dade
JANE ROBERTS ELEMENTARY K-8,650 NW 2nd Ave,Homestead,FL,33030-5809,Miami-Dade
John Ferguson Senior High School,2351 SE 12th Ave,Homestead,FL,33034-3511,Miami-Dade
Key West Health Center,13100 SW 59th St,Miami,FL,33183-1202,Miami-Dade
Laura C. Saunders Elementary School,29035 SW 144th Ave,Homestead,FL,33033-2903,Miami-Dade
Leisure City K-8 Center,14850 Cottonwood Cir,Miami,FL,33185-4074,Miami-Dade
Marathon Health Center,15900 SW 56th St,Miami,FL,33185-3880,Miami-Dade
Marjory Stoneman Douglas Elementary School (3-5),727 Fort St,Key West,FL,33040-7307,Monroe
Marjory Stoneman Douglas Elementary School (K),505 SW 8th St,Homestead,FL,33030-7163,Miami-Dade
Marjory Stoneman Douglas Elementary School (Pr...,14950 SW 288th St,Homestead,FL,33033-1527,Miami-Dade
"MARTIN L. KING, JR.- ANNEX",2805 Overseas Hwy,Marathon,FL,33050-2239,Monroe
MARTIN LUTHER KING JR. CLINICA CAMPESINA,11901 SW 2nd St,Miami,FL,33184-1601,Miami-Dade
Miami Southridge Senior High School,650 NW 132nd Ave,Miami,FL,33182-1155,Miami-Dade
Mobile Medical Van #2,11901 SW 2nd St,Miami,FL,33184-1601,Miami-Dade
Mobile Van #1,820 SW 1st St,Florida City,FL,33034-4602,Miami-Dade
NARANJA HEALTH CENTER,810 W Mowry Dr,Homestead,FL,33030-5746,Miami-Dade
Paul W. Bell Middle School,19355 SW 114th Ave,Miami,FL,33157-8107,Miami-Dade
Redondo Elementary,10300 SW 216th St,Cutler Bay,FL,33190-1003,Miami-Dade
Robert Russa Moton Elementary,10300 SW 216th St,Cutler Bay,FL,33190-1003,Miami-Dade
Royal Green Elementary,13805 SW 264th St,Homestead,FL,33032-7602,Miami-Dade
SOUTH DADE HEALTH CENTER,11800 NW 2nd St,Miami,FL,33182-1342,Miami-Dade
South Dade Senior High School,18480 SW 304th St,Homestead,FL,33030-3915,Miami-Dade
SOUTH MIAMI HEALTH CENTER,18050 Homestead Ave,Perrine,FL,33157-5529,Miami-Dade
South Wood Middle School,13047 SW 47th St,Miami,FL,33175-4517,Miami-Dade
Tavernier Health Center,13600 SW 312th St,Homestead,FL,33033-5500,Miami-Dade
West Homestead K-8 Center,28401 SW 167th Ave,Homestead,FL,33030-2005,Miami-Dade
West Kendall Health Center,6350 Sunset Dr,Miami,FL,33143-4836,Miami-Dade
WEST PERRINE HEALTH CENTER,16301 SW 80th Ave,Palmetto Bay,FL,33157-3730,Miami-Dade
Zora Neale Hurston Elementary,91200 Overseas Hwy,Tavernier,FL,33070-2500,Monroe
DR JAMES D FORBES FAMILY CARE,13540 SW 135th Ave,Miami,FL,33186-6184,Miami-Dade
EMPOWER U CHC AT NORTHSIDE SHOPPING PLAZA,13137 SW 26th St,Miami,FL,33175-1817,Miami-Dade
Empower U Community Health Center Testing Van,500 W Sagamore Ave,Clewiston,FL,33440-3514,Hendry
Bonita Springs Health Center,7900 NW 27th Ave Ste 12,Miami,FL,33147-4909,Miami-Dade
BROADWAY DENTAL OFFICE,7900 NW 27th Ave,Miami,FL,33147-4909,Miami-Dade
CAPE CORAL HEALTH CENTER,7900 NW 27th Ave Ste 12,Miami,FL,33147-4909,Miami-Dade
EAST FORT MYERS MEDICAL OFFICE,11921 Saradrienne Ln,Bonita Springs,FL,34135-5911,Lee
Estero Health Center,3600 Broadway,Fort Myers,FL,33901-8002,Lee
"FAMILY HEALTH CENTERS OF SW FLORIDA, INC.",316 Del Prado Blvd S,Cape Coral,FL,33990-1710,Lee
FORT MYERS CENTER - DOWNTOWN,305 SW 2nd Ter,Cape Coral,FL,33991-1958,Lee
LABELLE MEDICAL & DENTAL OFFICE,4040 Palm Beach Blvd STE A,Fort Myers,FL,33916-3470,Lee
Lehigh Acres Health Center,19701 S Tamiami Trl,Fort Myers,FL,33908-4818,Lee
Port Charlotte Family Practice Medical Office,2256 Heitman St,Fort Myers,FL,33901-3744,Lee
Port Charlotte Pediatric & Dental Office,2232 Grand Ave,Fort Myers,FL,33901-3717,Lee
RMCM Mobile Van,930 S Main St,Labelle,FL,33935-4448,Hendry
Summerlin Health Center,3415 Lee Blvd,Lehigh Acres,FL,33971-1576,Lee
The Salvation Army,4300 Kings Hwy STE 210,Port Charlotte,FL,33980-2922,Charlotte
VICTORIA AVE. ADMIN SITE,4300 Kings Hwy STE 500,Port Charlotte,FL,33980-2953,Charlotte
Westlinks  - Administration,1926 Victoria Ave,Fort Myers,FL,33901-3414,Lee
Academic Center for Excellence Wellness Center,2450 Edison Ave,Fort Myers,FL,33901-5127,Lee
Evans High School Wellness Center,1926 Victoria Ave,Fort Myers,FL,33901-3414,Lee
HEALTH CARE CENTER FOR THE HOMELESS,12771 Westlinks Dr STE 7,Fort Myers,FL,33913-8074,Lee
Mobile Dental Unit,701 W Livingston St BLDG 800,Orlando,FL,32805-1535,Orange
MOBILE MEDICAL UNITS,3100 Evans Trojans Way,Orlando,FL,32808-3662,Orange
OBFH Kissimmee,232 N Orange Blossom Trl,Orlando,FL,32805-1612,Orange
HENDRY REGIONAL CONVENIENT CARE CENTER,Mobile Dental Unit,Orlando,FL,32805,Orange
Agenaria S. Paschal/Olinda Park Elementary School,2711 N Orange Blossom Trl,Kissimmee,FL,34744-1373,Osceola
Andover Middle School,450 S Main St,Labelle,FL,33935-4629,Hendry
Benjamin Franklin K-8 Center,5536 NW 21st Ave,Miami,FL,33142-3030,Miami-Dade
Biscayne Gardens Elementary School,1331 NW 46th St,Miami,FL,33142-4143,Miami-Dade
Broadmoor Elementary School,121 NE 207th St,Miami Gardens,FL,33179-1733,Miami-Dade
Brownsville Middle School,1037 NW 81st St,Miami,FL,33150-2738,Miami-Dade
Carrie P. Meek/Westview K-8 Center,13100 NW 12th Ave,North Miami,FL,33168-6614,Miami-Dade
Charles David Wyche Jr. Elementary School,560 NW 151st St,Miami,FL,33169-6613,Miami-Dade
Dr. Henry W. Mack/West Little River K-8 Center,3401 NW 83rd St,Miami,FL,33147-4506,Miami-Dade
Earlington Heights Elementary School,4899 NW 24th Ave,Miami,FL,33142-3620,Miami-Dade
Edison Park K-8 Center,2101 NW 127th St,North Miami,FL,33167-1428,Miami-Dade
Eneida Massas Hartner Elementary School,5241 NW 195th Dr,Miami Gardens,FL,33055-6186,Miami-Dade
Ernest R. Graham K-8 Center,2450 NW 84th St,Miami,FL,33147-4100,Miami-Dade
Flamingo Elementary School,4750 NW 22nd Ave,Miami,FL,33142-4015,Miami-Dade
Florida Memorial University,500 NW 67th St,Miami,FL,33150-3917,Miami-Dade
Henry E S Reeves Elementary,401 NW 29th St,Miami,FL,33127-3915,Miami-Dade
Hialeah Gardens Elementary School,7330 W 32nd Ave,Hialeah,FL,33018-5211,Miami-Dade
Horace Mann Middle School,701 E 33rd St,Hialeah,FL,33013-3354,Miami-Dade
Hubert O Sibley Elementary,15800 NW 42nd Ave Bldg 3,Miami Gardens,FL,33054-6155,Miami-Dade
Jesse J. McCrary Jr. Elementary School,2005 NW 111th St,Miami,FL,33167-3819,Miami-Dade
Jose De Diego Middle School,9702 NW 130th St,Hialeah Gardens,FL,33018-1689,Miami-Dade
JTCHS - Children’s Wellness Center,8950 NW 2nd Ave,El Portal,FL,33150-2406,Miami-Dade
JTCHS - Corporate Office Complex,255 NW 115th St,Miami,FL,33168-3345,Miami-Dade
JTCHS - Dental Health Center,514 NW 77th St,Miami,FL,33150-2853,Miami-Dade
JTCHS - Fatima Zafar MD Health &amp; Wellness ...,3100 NW 5th Ave,Miami,FL,33127-3729,Miami-Dade
JTCHS - Flamingo Medical Center,1190 NW 95th St STE 304,Miami,FL,33150-2066,Miami-Dade
JTCHS - Frederica Wilson/Juanita Mann Health C...,5607 NW 27th Ave,Miami,FL,33142-2826,Miami-Dade
JTCHS - Jefferson Reaves House Women&#39;s Res...,5607 NW 27th Ave STE 2,Miami,FL,33142-2826,Miami-Dade
JTCHS - Opa Locka Youth and Children's Wellnes...,5361 NW 22nd Ave,Miami,FL,33142-8035,Miami-Dade
JTCHS Barbara J. Jordan Community Health and W...,901 E 10th Ave STE 39,Hialeah,FL,33010-3766,Miami-Dade
JTCHS Health Center at North Shore,2520 NW 75th St,Miami,FL,33147-6025,Miami-Dade
Lake Stevens Middle School,2985 NW 54th St,Miami,FL,33142-2827,Miami-Dade
Lorah Park Elementary School,490 Opa Locka Blvd STE 100,Opa Locka,FL,33054-3563,Miami-Dade
M.A. Milam K-8 Center,20612 NW 27th Ave,Miami Gardens,FL,33056-1469,Miami-Dade
Maya Angelou Elementary School,1190 NW 95th St STE 100,Miami,FL,33150-2064,Miami-Dade
Melrose Elementary School,18484 NW 48th Pl,Miami Gardens,FL,33055-2950,Miami-Dade
Miami Carol City Senior High School,5160 NW 31st Ave,Miami,FL,33142-3439,Miami-Dade
MIAMI CENTRAL SENIOR HIGH SCHOOL,6020 W 16th Ave,Hialeah,FL,33012-6214,Miami-Dade
Miami Norland Senior High School,1850 NW 32nd St,Miami,FL,33142-6036,Miami-Dade
Miami Northwestern Senior High School,3050 NW 35th St,Miami,FL,33142-5242,Miami-Dade
Mobile Unit #1,3301 NW 183rd St,Carol City,FL,33056-3453,Miami-Dade
Mobile Unit #2,1781 NW 95th St,Miami,FL,33147-3159,Miami-Dade
Nathan B. Young Elementary School,1050 NW 195th St,Miami,FL,33169-3040,Miami-Dade
Natural Bridge Elementary School,1100 NW 71st St,Miami,FL,33150-3894,Miami-Dade
Norland Middle School,5361 NW 22nd Ave,Miami,FL,33142-8035,Miami-Dade
Oak Grove Elementary School,5361 NW 22nd Ave,Miami,FL,33142-8035,Miami-Dade
Orchard Villa Elementary School,14120 NW 24th Ave,Opa Locka,FL,33054-3729,Miami-Dade
Spanish Lake Elementary School,1650 NE 141st St,North Miami,FL,33181-1321,Miami-Dade
Thomas Jefferson Middle School,1235 NW 192nd Ter,Miami,FL,33169-3441,Miami-Dade
Van E Blanton Elementary,15640 NE 8th Ave,North Miami Beach,FL,33162-5201,Miami-Dade
West Hialeah Gardens Elementary School,5720 NW 13th Ave,Miami,FL,33142-2604,Miami-Dade
Adult Cardiology Office - Cape Coral,525 NW 147th St,Miami,FL,33168-4213,Miami-Dade
Adult Cardiology Office @ The Sanctuary,10327 NW 11th Ave,Miami,FL,33150-1021,Miami-Dade
Adult Endocrinology Office @ The Sanctuary,11990 NW 92nd Ave,Hialeah Gardens,FL,33018-4111,Miami-Dade
Adult Hematology/Oncology Office,708 Del Prado Blvd S STE 7,Cape Coral,FL,33990-2676,Lee
Adult Infectious Disease Office,8960 Colonial Center Dr,Fort Myers,FL,33905-7810,Lee
Adult Neurology Office,8960 Colonial Center Dr STE 202,Fort Myers,FL,33905-7810,Lee
Adult Pulmonology Office,9800 S Healthpark Dr STE 108,Fort Myers,FL,33908-3630,Lee
Adult Rheumatology Office @ The Sanctuary,"8925 Colonial Center Dr, #2001",Fort Myers,FL,33905-7813,Lee
Adult Urology Office,2780 Cleveland Ave STE 809,Fort Myers,FL,33901-5817,Lee
Bonita Springs Pediatric Office,12600 Creekside Ln STE 2,Fort Myers,FL,33919-3353,Lee
Cape Coral Medical Office,5216 Clayton Ct,Fort Myers,FL,33907-2116,Lee
Cape Coral Pediatric Office,8960 Colonial Center Dr STE 302,Fort Myers,FL,33905-7810,Lee
Children&#39;s Eye Institute of Golisano Child...,12651 Whitehall Dr,Fort Myers,FL,33907-3626,Lee
Dunbar Medical Office,23450 Via Coconut Pt,Estero,FL,34135-1877,Lee
East Fort Myers Ob/Gyn Medical Office,1435 SE 8th Ter,Cape Coral,FL,33990-3289,Lee
Family Practice Medical Office Clayton Ct,650 Del Prado Blvd S,Cape Coral,FL,33990-2668,Lee
Golisano Pediatric Behavioral and Neurological...,9800 S Healthpark Dr STE 110,Fort Myers,FL,33908-3630,Lee
Golisano Pediatric Behavioral Health Office - ...,3637 Dr Martin Luther King Jr Blvd,Fort Myers,FL,33916-4601,Lee
Golisano Pediatric Behavioral Health Office – ...,4040 Palm Beach Blvd STE F,Fort Myers,FL,33916-3470,Lee
Golisano Pediatric Cardiology Specialty Office,5225 Clayton Ct,Fort Myers,FL,33907-2117,Lee
Golisano Pediatric Endocrinology and Nephrolog...,15901 Bass Rd STE 108,Fort Myers,FL,33908-3838,Lee
Golisano Pediatric Gastroenterology Office,3415 Lee Blvd,Lehigh Acres,FL,33971-1576,Lee
Golisano Pediatrics Port Charlotte Harbor Blvd.,3501 Health Center Blvd STE 2190,Estero,FL,34135-8133,Lee
Internal Medicine Office Matthew Drive,16281 Bass Rd STE 304,Fort Myers,FL,33908-9687,Lee
Labelle Internal Medicine Office,15901 Bass Rd STE 102,Fort Myers,FL,33908-3838,Lee
Lee Physician Group OB/GYN,16230 Summerlin Rd STE 215,Fort Myers,FL,33908-5769,Lee
Lehigh Acres East Pediatric Office,2525 Harbor Blvd STE 204,Port Charlotte,FL,33952-5342,Charlotte
Lehigh Acres Medical Office,1569 Matthew Dr,Fort Myers,FL,33907-1734,Lee
New Brittany Behavioral Health Office,930 S Main St,Labelle,FL,33935-4448,Hendry
North Fort Myers Medical Office,15901 Bass Rd STE 100,Fort Myers,FL,33908-3838,Lee
Page Field Pediatric Office,260 Beth Stacey Blvd,Lehigh Acres,FL,33936-6074,Lee
South Fort Myers Ob/Gyn Medical Office,5705 Lee Blvd,Lehigh Acres,FL,33971-6342,Lee
South Fort Myers Ob/Gyn Medical Office,12550 New Brittany Blvd,Fort Myers,FL,33907-3655,Lee
SWFL Children’s Charities Eye Institute of Gol...,13279 N Cleveland Ave,North Fort Myers,FL,33903-4818,Lee
Temporary Site - Dunbar Medical Office @ The S...,4751 S Cleveland Ave,Fort Myers,FL,33907,Lee
Temporary Site - Dunbar Mobile Medical Unit,16271 Bass Rd,Fort Myers,FL,33908-3616,Lee
The Sanctuary Family Medicine Office,"9800 South Healthpark Dr, #205",Fort Myers,FL,33908-3630,Lee
Advanced Specialty Institute Pointe West,8960 Colonial Center Dr STE 300,Fort Myers,FL,33905-7810,Lee
AMA Manatee,3637 Dr Martin Luther King Jr Blvd,Fort Myers,FL,33916-4601,Lee
AMA Wachula,8960 Colonial Center Dr STE 300,Fort Myers,FL,33905-7810,Lee
Arcadia Family Optometry Center,6015 Pointe West Blvd,Bradenton,FL,34209-5525,Manatee
Bradenton Family Medical Center,701 Manatee Ave W,Bradenton,FL,34205-8604,Manatee
Community Care Family Healthcare Center Buildi...,508 S 6th Ave,Wauchula,FL,33873-3211,Hardee
Community Care Family Healthcare Center Buildi...,1110 E Gibson St,Arcadia,FL,34266-5011,DeSoto
Community Care Family Healthcare Center Buildi...,122 N Brevard Ave,Arcadia,FL,34266-4404,DeSoto
Community Care Family Healthcare Center Buildi...,4805 26th St W,Bradenton,FL,34207-1706,Manatee
EAST MANATEE HEALTH AND WELLNESS CENTER,725 N 12th Ave,Arcadia,FL,34266-8752,DeSoto
EDGAR H. PRICE FAMILY & CHILDREN HEALTHCARE CE...,1148 E Gibson St,Arcadia,FL,34266-5011,DeSoto
George Van Buren Health Center,707 N 12th Ave,Arcadia,FL,34266-8752,DeSoto
Health and Welness Land O'Lakes,709 N 12th Ave,Arcadia,FL,34266-8752,DeSoto
Health Express,1312 Manatee Ave E,Bradenton,FL,34208-1358,Manatee
Huntingdon Health Services Suite 201,12271 US Highway 301 N,Parrish,FL,34219-8410,Manatee
Huntingdon Health Services Suite 203,712 39th St W,Bradenton,FL,34205-2454,Manatee
Lawton Chiles Administration,20360 Gator Ln BLDG 14,Land O Lakes,FL,34638-2802,Pasco
LAWTON CHILES CHILDREN & FAM HCC,12271 US Highway 301 N,Parrish,FL,34219-8410,Manatee
MANATEE COUNTY RURAL HEALTH SVS,43 Barkley Cir STE 201,Fort Myers,FL,33907-7518,Lee
Manatee Elementary School Based Health Center,43 Barkley Cir STE 203,Fort Myers,FL,33907-7518,Lee
MCR Dermatology by Luminary,1505 26th Ave E,Bradenton,FL,34208-7707,Manatee
MCR Health Arcadia,1515 26th Ave E,Bradenton,FL,34208-7707,Manatee
MCR Health Centennial Middle School,12271 US Highway 301 N,Parrish,FL,34219-8410,Manatee
MCR Health Cortez OB/GYN and Pediatrics,1609 6th Ave E,Bradenton,FL,34208-1439,Manatee
MCR Health Fruitville,300 Riverside Dr E STE 1500,Bradenton,FL,34208-1031,Manatee
MCR Health Gulf High School,250 N Brevard Ave,Arcadia,FL,34266-4406,DeSoto
MCR Health Hudson High School,38503 Centennial Rd,Dade City,FL,33525-1654,Pasco
MCR Health Medical Express Mobile Unit,3501 Cortez Rd W STE 1,Bradenton,FL,34210-3197,Manatee
MCR Health Southeast High School,170 N Lime Ave,Sarasota,FL,34237-6122,Sarasota
MCR Health Wesley Chapel High School,5117 Madison St,New Port Richey,FL,34652-4312,Pasco
"MCR Health, Inc. Corporate Office",14730 Cobra Way,Hudson,FL,34669-1083,Pasco
Mobile Eye Care,12271 US Highway 301 N,Parrish,FL,34219-8410,Manatee
MYAKKA CITY FAMILY MEDICAL CTR,1200 37th Ave E,Bradenton,FL,34208-4553,Manatee
NORTH MANATEE HEALTHCARE CENTER,30833 Wells Rd,Wesley Chapel,FL,33545,Pasco
North Tuttle Family Health Center,101 Riverfront Blvd,Bradenton,FL,34205-8812,Manatee
Palmetto Administrative Offices,12271 US Highway 301 N,Parrish,FL,34219-8410,Manatee
PALMETTO FAMILY HEALTHCARE CTR,37220 Glenwood Ave,Myakka City,FL,34251-2310,Manatee
RIVERSIDE MEDICAL SERVICES,5600 Bayshore Rd,Palmetto,FL,34221-9352,Manatee
Riverside Medical Services 2400,220 N Tuttle Ave,Sarasota,FL,34237-5229,Sarasota
Riverside Medical Services 3300,700 8th Ave W,Palmetto,FL,34221-4737,Manatee
Riverside Specialty,404 7th St W,Palmetto,FL,34221-5209,Manatee
RIVERVIEW,300 Riverside Dr E STE 2010,Bradenton,FL,34208-1023,Manatee
South County Medical Center,300 Riverside Dr E STE 2400,Bradenton,FL,34208-1006,Manatee
South Manatee Pediatrics,300 Riverside Dr E STE 3300,Bradenton,FL,34208-1024,Manatee
Southeast Administration,300 Riverside Dr E STE 2600,Bradenton,FL,34208-1006,Manatee
SOUTHEAST FAMILY HEALTH CARE CTR,212 2nd Ave E,Bradenton,FL,34208-1010,Manatee
Southwest Health Center,579 S Indiana Ave STE A,Englewood,FL,34223-3751,Sarasota
West Manatee Health Center,5108 15th St E STE 111,Bradenton,FL,34203-4844,Manatee
Whole Child Pediatrics,5223 9th St E,Bradenton,FL,34203-4847,Manatee
Beverly Press 1245,5325 26th St W,Bradenton,FL,34207-3012,Manatee
Beverly Press Health Center,2318 Manatee Ave W,Bradenton,FL,34205-5432,Manatee
Biscayne Center North Suite 505,6040 State Road 70 E UNIT B,Bradenton,FL,34203-9720,Manatee
"MBCHC North 3 Suite 401, 403, & 405",1245 71st St,Miami Beach,FL,33141-3647,Miami-Dade
"MBCHC North 4, Suite 302 & 304",1221 71st St,Miami Beach,FL,33141-3647,Miami-Dade
MBCHC North Suite 100,11900 Biscayne Blvd STE 505,North Miami,FL,33181-2749,Miami-Dade
MBCHC North Suite 102,11900 Biscayne Blvd STE 510,North Miami,FL,33181-2749,Miami-Dade
MBCHC North Suite 103 & 104,11645 Biscayne Blvd STE 405,Miami,FL,33181-3139,Miami-Dade
MBCHC North Suite 208,11645 Biscayne Blvd STE 100,Miami,FL,33181-3155,Miami-Dade
MBCHC North Suite 210,11645 Biscayne Blvd STE 102,Miami,FL,33181-3138,Miami-Dade
MBCHC North Suite 308,11645 Biscayne Blvd STE 207,Miami,FL,33181-3138,Miami-Dade
MBCHC North Suite 309,11645 Biscayne Blvd STE 208,Miami,FL,33181-3138,Miami-Dade
MBCHC North Suite 400,11645 Biscayne Blvd STE 210,Miami,FL,33181-3138,Miami-Dade
MBCHC North Suite 404,11645 Biscayne Blvd STE 301,Miami,FL,33181-3138,Miami-Dade
MBCHC North Suite 410,11645 Biscayne Blvd STE 308,Miami,FL,33181-3139,Miami-Dade
Miami Beach Community Health Center North STE 408,11645 Biscayne Blvd STE 309,Miami,FL,33181-3139,Miami-Dade
"MIAMI BEACH COMMUNITY HEALTH CENTER, INC.",11645 Biscayne Blvd STE 400,Miami,FL,33181-3139,Miami-Dade
Annie L. Weaver Health Center,11645 Biscayne Blvd STE 410,Miami,FL,33181-3148,Miami-Dade
Bernard P. Alicki Health Center,11645 Biscayne Blvd STE 408,Miami,FL,33181-3148,Miami-Dade
Clinica de las Americas,710 Alton Rd,Miami Beach,FL,33139-5504,Miami-Dade
Cora E. Braynon Family Health Center,2011 NW 3rd Ave,Pompano Beach,FL,33060-4800,Broward
GULFSTREAM RACE TRACK--HOMELESS,1101 W Broward Blvd,Fort Lauderdale,FL,33312-1638,Broward
Lauderdale Lakes Health Center,1101 NW 1st St,Ft Lauderdale,FL,33311-8905,Broward
Margate Health Center,1101 NW 1st St STE 1A,Ft Lauderdale,FL,33311-8905,Broward
Memorial Primary Care Dania Clinic,200 NW 7th Ave,Fort Lauderdale,FL,33311-9026,Broward
Memorial Primary Care Hallandale Clinic,901 S Federal Hwy,Hallandale Beach,FL,33009-7124,Broward
Memorial Primary Care Hollywood Clinic,3716 W Oakland Park Blvd,Lauderdale Lakes,FL,33311-1134,Broward
Mobile Medical Van,5430 W Sample Rd,Margate,FL,33073-3453,Broward
North Broward Hospital District- Community Hea...,140 S Federal Hwy,Dania,FL,33004-3623,Broward
Pompano Prenatal and Pediatric Care Center,1750 E Hallandale Beach Blvd,Hallandale Beach,FL,33009-4611,Broward
SPECIALTY CARE CENTER,4105 Pembroke Rd,Hollywood,FL,33021-8103,Broward
Deltona One Stop,1700 NW 49th St,Fort Lauderdale,FL,33309-3763,Broward
Family Health Source,601 W Atlantic Blvd,Pompano Beach,FL,33060-5916,Broward
Family Health Source East,1111 W Broward Blvd,Fort Lauderdale,FL,33312-1638,Broward
Pierson Family Health Source,1200 Deltona Blvd,Deltona,FL,32725-6306,Volusia
Bayside Health Clinic,801 Beville Rd,South Daytona,FL,32119-1860,Volusia
DOH Mid County Health Center,2160 Howland Blvd,Deltona,FL,32738-3467,Volusia
MOBILE MEDICAL UNIT,216 Frederick St,Pierson,FL,32180-3024,Volusia
Brooksville Family Health Center,8751 Ulmerton Rd,Largo,FL,33771-3832,Pinellas
Cox Elementary School-Based Dental Clinic,647 1st Ave N,Saint Petersburg,FL,33701-3601,Pinellas
Dade City Dental Center,440 Court St,Clearwater,FL,33756-5139,Pinellas
Hudson Family Health Center,300 S Main St,Brooksville,FL,34601-3320,Hernando
Lacoochee Family Health Center,37615 Martin Luther King Blvd,Dade City,FL,33523-3099,Pasco
New Port Richey Family Health Center,37944 Pasco Ave,Dade City,FL,33525-4202,Pasco
Premier Community HealthCare Group - Medical V...,14027 5th St,Dade City,FL,33525-4302,Pasco
Premier Community HealthCare Group Inc - Admin...,11611 Denton Ave,Hudson,FL,34667-5420,Pasco
Premier Community HealthCare Group Inc. - Huds...,38724 Mudcat Grant Blvd,Dade City,FL,33523-6792,Pasco
"Premier Community HealthCare Group, Inc.",2114 Seven Springs Blvd,New Port Richey,FL,34655-3908,Pasco
"Premier Community HealthCare Group, Inc.",6860 Medical View Ln,Zephyrhills,FL,33542-6615,Pasco
"Premier Community HealthCare Group, Inc. - Admin",37912 Church Ave,Dade City,FL,33525-4207,Pasco
"Premier Community HealthCare Group, Inc. - Anc...",14410 Cobra Way,Hudson,FL,34669-1011,Pasco
"Premier Community HealthCare Group, Inc. - Gul...",10605 US Highway 301,Dade City,FL,33525-1877,Pasco
"Premier Community HealthCare Group, Inc. - Mad...",14141 5th St,Dade City,FL,33525-3804,Pasco
"Premier Community HealthCare Group, Inc. - Smi...",38030 Daughtery Rd,Zephyrhills,FL,33540-1375,Pasco
"Premier Community HealthCare Group, Inc. Mobil...",1540 Sweetbriar Dr,Holiday,FL,34691-9809,Pasco
"Premier Community HealthCare Group, Inc. Mobil...",2329 Anclote Blvd,Holiday,FL,34691-9739,Pinellas
Spring Hill Family Health Center,6906 Madison St,New Port Richey,FL,34652-1902,Pasco
Zephyrhills Behavioral Health Center,1410 Sweetbriar Dr,Holiday,FL,34691-9740,Pasco
Zephyrhills Family Health Center,7551 Forest Oaks Blvd,Spring Hill,FL,34606-2437,Hernando
Crystal River - Family Practice,7551 Forest Oaks Blvd,Spring Hill,FL,34606-2437,Hernando
Crystal River - Pediatrics,37840 Medical Arts Ct,Zephyrhills,FL,33541-4325,Pasco
Dental Services - Inverness,37920 Medical Arts Ct,Zephyrhills,FL,33541-4323,Pasco
Independent Diagnostic Testing Facility (IDTF),547 SE Fort Island Trl STE E,Crystal River,FL,34429-8905,Citrus
Inverness Medical - 300 S. Line Avenue,547 SE Fort Island Trl STE C STE D,Crystal River,FL,34429-8905,Citrus
Langley Health Services - Homosassa,314 S Line Ave,Inverness,FL,34452-4606,Citrus
Langley Health Services Ocala,1389 S US 301,Sumterville,FL,33585-5143,Sumter
Langley Health Services Solution Center - Lecanto,1389 S US 301 STE B,Sumterville,FL,33585-5143,Sumter
Langley Health Services Sumterville,300 S Line Ave,Inverness,FL,34452-4606,Citrus
Lecanto Multi Purpose Site,7945 S Suncoast Blvd STE A-B,Homosassa,FL,34446-5005,Citrus
Mobile Medical Unit.,7205 SE Maricamp Rd,Ocala,FL,34472-2105,Marion
"Project Health, Inc.",593B N Lecanto Hwy,Lecanto,FL,34461-9187,Citrus
SONNIS PEDIATRICS INC,595 N Lecanto Hwy,Lecanto,FL,34461-9187,Citrus
Brandon Community Health Center,1425 S US 301,Sumterville,FL,33585-5141,Sumter
Palm River Community Health Center,1125 S 6th Ave,Wauchula,FL,33873-3350,Hardee
Ruskin Health Center,313 S Lakewood Dr,Brandon,FL,33511-2815,Hillsborough
SCHC Women's Care of Lakeland,223 Morrison Rd,Brandon,FL,33511-4835,Hillsborough
"Suncoast Community Health Centers, Inc Adminis...",7728 Palm River Rd,Tampa,FL,33619-4215,Hillsborough
Suncoast Mobile Dental Bus I,801 E Baker St,Plant City,FL,33563-3652,Hillsborough
Suncoast Mobile Dental Bus II,2814 14th Ave SE,Ruskin,FL,33570-5471,Hillsborough
Suncoast Mobile Medical Bus,1729 Lakeland Hills Blvd,Lakeland,FL,33805-3016,Polk
Thonotosassa Community Health Center,13112 Elk Mountain Dr,Riverview,FL,33579-7182,Hillsborough
Tom Lee Community Health Center ,2814 14th Ave SE,Ruskin,FL,33570-5471,Hillsborough
Wimauma Community Health Center,313 S Lakewood Dr,Brandon,FL,33511-2815,Hillsborough
Lutz North Hillsborough,9555 E Fowler Ave Ste 9555,Thonotosassa,FL,33592-2139,Hillsborough
Mobile Medical Trailer-Pediatric VINCA5458,16621 Lagoon Shore Blvd,Wimauma,FL,33598,Hillsborough
TFHC # 29 - CBHC,19203 N Dale Mabry Hwy,Lutz,FL,33548-5067,Hillsborough
TFHC #12 - Mobile Dental Van,302 W Fletcher Ave,Tampa,FL,33612-3415,Hillsborough
TFHC #13 - Mobile Medical Van,302 W Fletcher Ave,Tampa,FL,33612-3415,Hillsborough
TFHC #16 New Nebraska,8108 N Nebraska Ave,Tampa,FL,33604-3103,Hillsborough
TFHC #18 - West Waters,302 W Fletcher Ave,Tampa,FL,33612-3415,Hillsborough
TFHC #20 - Columbus Drive,302 W Fletcher Ave,Tampa,FL,33612-3415,Hillsborough
TFHC #21 - Dale Mabry,12410 N Nebraska Ave,Tampa,FL,33612-5352,Hillsborough
TFHC #22 - West Shore,2103 N Rome Ave,Tampa,FL,33607-3509,Hillsborough
TFHC #35 - MDV2,8213 W Waters Ave,Tampa,FL,33615-1822,Hillsborough
TFHC - Baycare,7814 N Dale Mabry Hwy,Tampa,FL,33614-3220,Hillsborough
TFHC - BH,3901 S West Shore Blvd,Tampa,FL,33611-1003,Hillsborough
TFHC Bearss,302 W Fletcher Ave,Tampa,FL,33612-3415,Hillsborough
TFHC Fowler (11604 N 15th St),12085 W Hillsborough Ave,Tampa,FL,33635-9725,Hillsborough
TFHC Silver Blossoms,2727 W Dr Martin Luther King Jr Blvd,Tampa,FL,33607-6383,Hillsborough
TFHC West Tampa (MLK),13018 N Dale Mabry Hwy,Tampa,FL,33618-2808,Hillsborough
TFHC#15 - OSHC,1212 E Bearss Ave,Lutz,FL,33549-3525,Hillsborough
TFHC#28 - South Tampa,11604 N 15th St,Tampa,FL,33612-6086,Hillsborough
TFHC#30 - Fletcher Avenue,2727 W Dr Martin Luther King Jr Blvd STE 100,Tampa,FL,33607-6353,Hillsborough
TFHC#31 - Sligh Avenue,2808 W Dr Martin Luther King Jr Blvd Bldg,Tampa,FL,33607-6306,Hillsborough
TCCH Admin at Bridgewater,7608 Causeway Blvd,Tampa,FL,33619-5912,Hillsborough
TCCH at UaP,302 W Fletcher Ave,Tampa,FL,33612-3415,Hillsborough
TCCH Gifford Health Center,6216 E Sligh Ave,Tampa,FL,33617-9105,Hillsborough
TCCH Sebastian River Walk Plaza,1555 Indian River Blvd,Vero Beach,FL,32960-5639,Indian River
Treasure Coast Community Health Vero Dental,4675 28th Ct,Vero Beach,FL,32967-1329,Indian River
"TREASURE COAST COMMUNITY HEALTH, INC.",13503 US Highway 1,Sebastian,FL,32958-3759,Indian River
"TREASURE COAST COMMUNITY HEALTH, INC. Central ...",13505 US Highway 1,Sebastian,FL,32958-3759,Indian River
"TREASURE COAST COMMUNITY HEALTH, INC. South Co...",787 37th St,Vero Beach,FL,32960-7305,Indian River
Whole Family Health Center,12196 County Road 512,Fellsmere,FL,32948-5463,Indian River
Whole Family Health Center,1555 US Highway 1 STE 105,Vero Beach,FL,32960-4728,Indian River
Whole Family Health Center,1545 9th St SW,Vero Beach,FL,32962-4312,Indian River
METRO at Mid-County,1255 37th St STE C,Vero Beach,FL,32960-6550,Indian River
METRO Central,200 S Scenic Hwy,Frostproof,FL,33843-2125,Polk
METRO Mobile Unit,11201 Corporate Cir N STE 140,Saint Petersburg,FL,33716-3701,Pinellas
METRO New Port Richey,302 Bryan Rd,Brandon,FL,33511-5337,Hillsborough
METRO St. Petersburg,2235 Central Ave,Saint Petersburg,FL,33713-8844,Pinellas
METRO Tampa,18167 Us Highway 19 N STE 150,Clearwater,FL,33764-6566,Pinellas
AVON PARK PEDIATRICS INC,4747 US Highway 19,New Port Richey,FL,34652-4945,Pasco
KIDS HEALTH ALLIANCE PA,2105 N Nebraska Ave,Tampa,FL,33602-2558,Hillsborough
Gracepoint Wellness Clinic,1571 US Highway 27 N,Avon Park,FL,33825-2150,Highlands
Miccosukee Health Department,13601 Bruce B Downs Blvd STE 131,Tampa,FL,33613-4610,Hillsborough
Agape Community Health Center / South,315 E Ash St,Perry,FL,32347-2029,Taylor
AGAPE Community Health Center/West Jacksonville,US-41,Miami,FL,33194,Miami-Dade
Agape Dunn Avenue Ste 38A-B,3900 University Blvd S,Jacksonville,FL,32216-4331,Duval
AGAPE/ Mobile Clinic,5460 Blanding Blvd,Jacksonville,FL,32244-1957,Duval
DOCTORS MEMORIAL FAMILY PRACTICE,1680 Dunn Ave UNIT 35-37,Jacksonville,FL,32218-4782,Duval
DEVEN MEDICAL CENTER,1880 Edgewood Ave W,Jacksonville,FL,32208-3021,Duval
HOLLYWOOD HEALTH CENTER,555 N Byron Butler Pkwy,Perry,FL,32347-2315,Taylor
FAU/NCHA U.B. Kinsey Community Health Center,11707 N Williams St STE 2,Dunnellon,FL,34432-5855,Marion
RIDGE MANOR MEDICAL CLINIC,1650 Osceola Dr,West Palm Beach,FL,33409-5038,Palm Beach
Florida,34498 Cortez Blvd,Ridge Manor,FL,33523-8908,Hernando
Florida,1101 Ohio Ave S,Live Oak,FL,32064-4146,Suwannee
Madison CI,846 NE 54th Ter,Coleman,FL,33521,Sumter
Mayo Correctional Institution Annex,10650 SW 46th St,Jasper,FL,32052-3732,Hamilton
Cross City Correctional Institution,382 SW Mci Way,Madison,FL,32340-4430,Madison
Baker Re-Entry Center,8784 W US 27,Mayo,FL,32066-3458,Lafayette
Taylor Correctional Institution,568 NE 255th St,Cross City,FL,32628-5877,Dixie
Lancaster Correctional Institution,17128 US Highway 90,Sanderson,FL,32087-2469,Baker
Putnam Correctional Institution,8501 Hampton Springs Rd,Perry,FL,32348-8747,Taylor
Lawtey Correctional Institution,3449 SW State Road 26,Trenton,FL,32693-5641,Gilchrist
Martin Correctional Institution,128 Yelvington Rd,East Palatka,FL,32131-2112,Putnam
Okeechobee Correctional Institution,22298 NE County Road 200B,Lawtey,FL,32058-4361,Bradford
Homestead Correctional Institution,1150 SW Allapattah Rd,Indiantown,FL,34956-4310,Martin
Reception and Medical Center,3420 NE 168th St,Okeechobee,FL,34972-4824,Okeechobee
Marion Correctional Institution/Work Camp,19000 SW 377th St,Florida City,FL,33034-6407,Miami-Dade
Polk Correctional Institution,7765 S County Road 231,Lake Butler,FL,32054-5721,Union
Sumter Correctional Institution,3269 NW 105th St,Ocala,FL,34475-1328,Marion
Suwannee Correctional Institution,10800 Evans Rd,Polk City,FL,33868-6925,Polk
Central Florida Reception Center,9544 C 476B,Bushnell,FL,33513-8612,Sumter
Lowell Correctional Institution,5964 US Highway 90,Live Oak,FL,32060-8694,Suwannee
Avon Park Correctional Institution,7000 H C Kelley Rd,Orlando,FL,32831-2518,Orange
Hernando Correctional Institution,11120 NW Gainesville Rd,Ocala,FL,34482-1479,Marion
South Florida Reception Center,8100 County Road 64 E,Avon Park,FL,33825-6801,Polk
South Florida Reception Center - South Unit Annex,16415 Spring Hill Dr,Brooksville,FL,34604-8167,Hernando
Northwest Florida Reception Center,14000 NW 41st St,Doral,FL,33178-3003,Miami-Dade
Hardee Correctional Institution,13910 NW 41st St,Doral,FL,33178-3014,Miami-Dade
Franklin Correctional Institution,4455 Sam Mitchell Dr,Chipley,FL,32428-3501,Washington
Tomoka Correctional Institution,6901 State Road 62,Bowling Green,FL,33834-8976,Hardee
Wakulla Correctional Institution,1760 Highway 67,Carrabelle,FL,32322-2157,Franklin
Apalachee Correctional Institution,3950 Tiger Bay Rd,Daytona Beach,FL,32124-1042,Volusia
Gadsden Re-Entry Center,110 Melaleuca Dr,Crawfordville,FL,32327-4963,Wakulla
Century Correctional Institution,35 Apalachee Dr,Sneads,FL,32460-4166,Jackson
Columbia Correctional Institution,630 Opportunity Ln,Havana,FL,32333-7629,Gadsden
Calhoun Correctional Institution,400 Tedder Rd,Century,FL,32535-3659,Escambia
Walton Correctional Institution,216 SE Corrections Way,Lake City,FL,32025-2013,Columbia
Dade Correctional Institution,19562 SE Institution Dr,Blountstown,FL,32424-5156,Calhoun
Desoto Annex Correctional Institution,691 Institution Rd,Defuniak Springs,FL,32433-1850,Walton
Liberty Correctional Institution,19000 SW 377th St,Homestead,FL,33034-6407,Miami-Dade
Okaloosa Correctional Institution,13617 SE Highway 70,Arcadia,FL,34266-7800,DeSoto
Holmes Correctional Institution,11064 NW Dempsey Barron Rd,Bristol,FL,32321-2622,Liberty
Santa Rosa Correctional Institution,3189 Colonel Greg Malloy Rd,Crestview,FL,32539-6705,Okaloosa
Everglades Correctional Institution/Reentry Ce...,3142 Thomas Dr,Bonifay,FL,32425-4238,Holmes
Jackson Correctional Institution,5850 E Milton Rd,Milton,FL,32583-7914,Santa Rosa
Jefferson Correctional Institution,1599 SW 187th Ave,Miami,FL,33194-2801,Miami-Dade
Union Correctional Institution,5563 10th St,Malone,FL,32445-3129,Jackson
Gulf Correctional Institution,1050 Big Joe Rd,Monticello,FL,32344-5188,Jefferson
FCI - Miami,7819 NW 228th St,Raiford,FL,32083-2209,Bradford
Florida State Hospital,951 N Washington Ave STE 100,Titusville,FL,32796-2163,Brevard
Daytona Services,515 Carlton St,Wauchula,FL,33873-3407,Hardee
Florida,1220 Willis Ave,Daytona Beach,FL,32114-2810,Volusia
Florida,420 Stadium Rd,Daytona Beach,FL,32114-2400,Volusia
CHILDREN'S MEDICAL CENTER LIVE OAK,1050 US Highway 27,Clermont,FL,34714-7520,Lake
CHILDREN'S MEDICAL CENTER,798 W Duval St,Lake City,FL,32055-3808,Columbia
CHILDREN'S MEDICAL CENTER,1002 11th St SW,Live Oak,FL,32064-3606,Suwannee
CHILDREN'S MEDICAL CENTER - ALACHUA,1419 S 6th St,Macclenny,FL,32063-4624,Baker
"TAVARES PEDIATRICS, INC.",6704 E Mount Vernon St,Glen Saint Mary,FL,32040-5050,Baker
CITRA FAMILY HEALTH,14861 NW US Highway 441,Alachua,FL,32615-8203,Alachua
SUN N LAKE MEDICAL GROUP - SEBRING,2523 Dora Ave,Tavares,FL,32778-4977,Lake
"CLARK CLINIC, INC",17805 N US Highway 301,Citra,FL,32113-2459,Marion
EXCEL PEDIATRICS,4958 Sun N Lake Blvd,Sebring,FL,33872-2167,Highlands
ARCHER FAMILY HEATH CARE,107 W Central Ave,Howey In The Hills,FL,34737-4302,Lake
SUMTER PEDIATRICS PA,265 Citrus Tower Blvd STE 102,Clermont,FL,34711-1908,Lake
CLARK CLINIC INC,16939 SW 134th Ave,Archer,FL,32618-5413,Alachua
LEESBURG PEDIATRICS PA,617 S Us 301 STE B,Sumterville,FL,33585-5355,Sumter
