Site Name,Site Address,Site City,Site State,Site Zip Code,County
MCFP-Springfield,1900 W Sunshine St,Springfield,MO,65807-2240,Greene
AUSTIN PLAZA PRIMARY CARE,108 Frizzell St STE 5,Potosi,MO,63664-1593,Washington
WCMH URGENT CARE,300 Health Way Dr,Potosi,MO,63664-1420,Washington
HEALTH WAY PRIMARY CARE,200 Health Way Dr,Potosi,MO,63664-1434,Washington
POTOSI RURAL HEALTH CLINIC,1 Kwan Plz,Potosi,MO,63664-1435,Washington
COXHEALTH CENTER BRANSON,890 State Highway 248,Branson,MO,65616-3721,Taney
PORTAGEVILLE COMMUNITY CARE CENTER,204 E 3rd St,Portageville,MO,63873-1402,New Madrid
FERGUSON MEDICAL GROUP SCOTT CITY,100 E Outer Rd,Scott City,MO,63780-1229,Scott
MERCY CLINIC FAMILY MEDICINE- BUFFALO,118 W Dallas St,Buffalo,MO,65622-8669,Dallas
MALDEN MEDICAL CENTER,806 N Douglass St,Malden,MO,63863-1512,Dunklin
FITZGIBBON FAMILY HEALTH,600 W Morrison St STE 5,Fayette,MO,65248-1075,Howard
TINSLEY MEDICAL CLINIC,2400 Lucy Lee Pkwy STE A,Poplar Bluff,MO,63901-2427,Butler
WOMEN'S CARE CENTER,1013 N Main St STE 101,Sikeston,MO,63801-5043,Scott
CMH OB/GYN - PEDIATRIC CLINIC,1195 N Oakland Ave STE 2,Bolivar,MO,65613-8025,Polk
PIKE COUNTY MEMORIAL HOSPITAL CLINICS,2305 Georgia St,Louisiana,MO,63353-2559,Pike
HANNIBAL REGIONAL MEDICAL GROUP - BOWLING GREEN,8 Town Center Dr,Bowling Green,MO,63334-2803,Pike
PIKE COUNTY MEMORIAL HOSPITAL CLINICS,1015 W Adams St,Bowling Green,MO,63334-1974,Pike
COX HEALTH CENTER ROGERSVILLE,151 Johnstown Dr,Rogersville,MO,65742-9366,Webster
LAKE REGIONAL CLINIC - IBERIA,2333 Highway 17,Iberia,MO,65486-9331,Miller
HANNIBAL CLINIC,100 Medical Dr,Hannibal,MO,63401-6877,Marion
BURTON CREEK MEDICAL CLINIC,805 N Kentucky Ave,West Plains,MO,65775-2022,Howell
OCH SPARTA CLINIC,PO BOX 183,Sparta,MO,65753-0183,Christian
OZARKS HEALTHCARE ALTON,PO BOX 468,Alton,MO,65606-0468,Oregon
DEXTER MEDICAL CENTER,PO BOX 399,Dexter,MO,63841-0399,Stoddard
MO DELTA MED CTR COMM CARE CTR,1200 E Marshall St,Charleston,MO,63834-1336,Mississippi
POPLAR BLUFF MEDICAL CLINIC,2588 N Westwood Blvd,Poplar Bluff,MO,63901-2339,Butler
FERGUSON MEDICAL GROUP EAST PRAIRIE,320 N Lincoln St,East Prairie,MO,63845-1160,Mississippi
PEMISCOT PRIMARY CARE CLINIC,907 E Reed St,Hayti,MO,63851-1242,Pemiscot
HEDRICK MEDICAL CENTER,2791 N Washington St,Chillicothe,MO,64601-2902,Livingston
MERCY CLINIC FAMILY MEDICINE-MOUNTAIN GROVE,120 W 16th St,Mountain Grove,MO,65711-1039,Wright
COXHEALTH CENTER BRANSON WEST,18452 Business 13,Branson West,MO,65737-9609,Stone
NEW MADRID COMMUNITY CARE CENTER,615 Main St,New Madrid,MO,63869-1513,New Madrid
PUXICO CLINIC,PO BOX 7,Puxico,MO,63960-0007,Stoddard
MEDICAL CLINIC OF WILLOW SPRINGS,816 E Main St,Willow Springs,MO,65793-1518,Howell
Green Ridge R-VIII,401 W Pettis St,Green Ridge,MO,65332-1160,Pettis
Katy on the Go,821 Westwood Dr,Sedalia,MO,65301-2102,Pettis
Katy on the Trail,821 Westwood Dr,Sedalia,MO,65301-2102,Pettis
Katy Trail Community Health Administration,816 Westwood Dr,Sedalia,MO,65301-2182,Pettis
Katy Trail Community Health Cole Camp R-1,500 S Keeney St,Cole Camp,MO,65325-1059,Benton
Katy Trail Community Health East,305 W Main St,Sedalia,MO,65301-3821,Pettis
Katy Trail Community Health Ivy Bend,41569 Ivy Bend Rd,Stover,MO,65078-2177,Morgan
Katy Trail Community Health Marshall school based,313 E Eastwood St,Marshall,MO,65340-1413,Saline
Katy Trail Community Health Morgan County RII,913 W Newton St,Versailles,MO,65084-1811,Morgan
Katy Trail Community Health Warsaw Schools,20363 Lane of Champions,Warsaw,MO,65355-6463,Benton
"Katy Trail Community Health, Harbor Village",17571 N Dam Access Rd,Warsaw,MO,65355-6396,Benton
"Katy Trail Community Health, Stover",701 N Oak St,Stover,MO,65078-0842,Morgan
Katy Trail Community Health-Marshall,1825 Atchison Ave,Marshall,MO,65340-9752,Saline
"REGIONAL HEALTH CARE CLINIC, INC., dba Katy Tr...",821 Westwood Dr,Sedalia,MO,65301-2102,Pettis
"Regional Healthcare Clinic, Inc Dba Katy Trail...",1109 W Clay Rd,Versailles,MO,65084-1177,Morgan
SOUTHSIDE MEDICAL CENTER,1120 S Springfield Ave,Bolivar,MO,65613-2512,Polk
QUINCY MEDICAL GROUP - CANTON,1100 E Outer Rd S,Canton,MO,63435-1702,Lewis
CBCH LLC,407 Main St,Golden City,MO,64748-8266,Barton
OCH SOUTHWEST CITY COMM CLINIC,PO BOX 160,South West City,MO,64863-0160,McDonald
HUMANSVILLE FAMILY CARE CENTER,201 S Arthur St,Humansville,MO,65674-8400,Polk
CANTON-LAGRANGE FAMILY PRACTICE,1802 Elm St,Canton,MO,63435-1694,Lewis
BOOTHEEL PRIMARY CARE KENNETT AND ADVANCED PAT...,304 Teaco Rd,Kennett,MO,63857-3266,Dunklin
CBCH LLC,29 NW 1st Ln,Lamar,MO,64759-8105,Barton
Cape Girardeau Service Site/Administrative Off...,2430 Golden,Cape Girardeau,MO,63703,Cape Girardeau
CROSS TRAILS MEDICAL CENTER,109 State Highway 51 N,Marble Hill,MO,63764-9151,Bollinger
CROSS TRAILS MEDICAL CENTER,408 S Broadview St,Cape Girardeau,MO,63703-5725,Cape Girardeau
CROSS TRAILS MEDICAL CENTER,106 S Oak St,Advance,MO,63730-8343,Stoddard
Cross Trails Medical Center,307 W Gabriel St,Advance,MO,63730-8301,Stoddard
Cross Trails Medical Center,1314 Brenda Ave,Perryville,MO,63775-2303,Perry
SMDH FAMILY MEDICINE,35629 Highway 72,Salem,MO,65560-7217,Dent
MERCY CARTHAGE PEDIATRICS,2425 Fairlawn Dr,Carthage,MO,64836-3517,Jasper
HCC Network  - Concordia,206 N Bismark St STE A,Concordia,MO,64020-8101,Lafayette
HCC Network - Admin I,825 S Business Highway 13,Lexington,MO,64067-1515,Lafayette
HCC Network - Admin II,819 S Business Highway 13,Lexington,MO,64067-1515,Lafayette
HCC Network - Buckner,324 S Hudson St,Buckner,MO,64016-8142,Jackson
HCC Network - Carrollton,718 Harvest Hills Dr,Carrollton,MO,64633-2412,Carroll
HCC Network - Carrollton School,300 E 9th St,Carrollton,MO,64633-2341,Carroll
HCC Network - Independence,17611 E US Highway 24 STE Hcc,Independence,MO,64056-1853,Jackson
HCC Network - Lexington,811 S Business Highway 13 STE A,Lexington,MO,64067-1572,Lafayette
HCC Network - Mobile Dental I,206 N Bismark St,Concordia,MO,64020-8180,Lafayette
HCC Network - Mobile Dental II,811 S Business Highway 13 STE A,Lexington,MO,64067-1572,Lafayette
HCC Network - Mobile Medical I,608 Missouri St,Waverly,MO,64096-8241,Lafayette
HCC Network - Waverly,608 Missouri St,Waverly,MO,64096-8241,Lafayette
ACCESS Family Care - Lamar,210 W 10th St,Lamar,MO,64759-1405,Barton
ACCESS Family Care Administration Offices,475 Nelson Ave,Neosho,MO,64850-8825,Newton
Access Family Care Joplin,530 S Maiden Ln,Joplin,MO,64801-3084,Jasper
ACCESS Family Care Neosho,412 E Mckinney St,Neosho,MO,64850-1913,Newton
ACCESS Family Care Neosho Medical,1504 N Business 49 Ste A,Neosho,MO,64850-6883,Newton
ACCESS Family Care of Anderson,927 N 71 Business Hwy,Anderson,MO,64831-9753,McDonald
ACCESS Family Care- Aurora Clinic,1810 S Carnation Dr,Aurora,MO,65605-2162,Lawrence
ACCESS Family Care- Carthage Dental,215 E 3rd St,Carthage,MO,64836-1661,Jasper
ACCESS Family Care-- Cassville,4016 Main St,Cassville,MO,65625-9753,Barry
ACCESS Secure Data Center,9050 NE Underground Dr,Kansas City,MO,64161-9748,Clay
Anderson Elementary,512 Chapman St,Anderson,MO,64831-8114,McDonald
Anderson Middle School,135 Mustang Dr,Anderson,MO,64831-7329,McDonald
Dental Mobile Clinic (Dental Mobile Van #1),530 S Maiden Ln,Joplin,MO,64801-3084,Jasper
McDonald County High School,100 Mustang Dr,Anderson,MO,64831-7305,McDonald
Medical Mobile Clinic (Medical Van #1),530 S Maiden Ln,Joplin,MO,64801-3084,Jasper
Neosho Dental Clinic,2209 Oak Ridge Dr,Neosho,MO,64850-9092,Newton
Neosho High School,511 S Neosho Blvd,Neosho,MO,64850,Newton
Neosho Schools- Benton Elementary,1120 Carl Sweeney Pkwy,Neosho,MO,64850,Newton
Neosho Schools- Junior High,14646 Kodiak Rd,Neosho,MO,64850-6112,Newton
Neosho Schools- South Elementary,1111 Wornall St,Neosho,MO,64850-2618,Newton
Noel Elementary and Middle school,318 Sulphur St,Noel,MO,64854-9221,McDonald
Noel Primary School,14762 W State Highway 90,Noel,MO,64854-8108,McDonald
Pineville Elementary,202 E 8th St,Pineville,MO,64856-9643,McDonald
Pineville Primary School,340 Pleasant Ridge Rd,Anderson,MO,64831-1562,McDonald
Rocky Comfort School,14814 E State Highway 76,Rocky Comfort,MO,64861-7442,McDonald
Southwest City School,411 Academy St,South West City,MO,64863-9447,McDonald
Wheaton School District,116 Mccall St,Wheaton,MO,64874-7701,Barry
White Rock School,119 White Rock Rd,Jane,MO,64856-9000,McDonald
CCMH MEDICAL MALL CLINIC,1317 S Highway W # 32,El Dorado Springs,MO,64744-8632,Cedar
MERCY CLINIC-STEELVILLE,518 Pine St,Steelville,MO,65565-6041,Crawford
PMHS CONVENIENT CARE CLINIC,946 E Reed St,Hayti,MO,63851-1243,Pemiscot
MERCY CLINIC FAMILY MEDICINE ST ROBERT,PO BOX 914,Saint Robert,MO,65584-0914,Pulaski
BRIDGES MEDICAL SERVICES-BRANSON,1440 State Highway 248 STE O,Branson,MO,65616-9257,Taney
COXHEALTH FAMILY MEDICINE BRANSON HWY 248,1150 State Highway 248 STE 202,Branson,MO,65616-3729,Taney
COMPLETE FAMILY MEDICINE LANCASTER RHC,1000 W Washington St,Lancaster,MO,63548-9038,Schuyler
LAKE REGIONAL CLINIC - OSAGE BEACH,1057 Medical Park Dr STE A,Osage Beach,MO,65065-3000,Camden
PHELPS HEALTH MEDICAL GROUP VIENNA,606 Highway 63 S,Vienna,MO,65582-8101,Maries
SAINT LUKE'S MERCER COUNTY CLINIC,400 N Fullerton St,Princeton,MO,64673-1418,Mercer
COX HEALTH CENTER - AURORA,PO BOX 71,Aurora,MO,65605-0071,Lawrence
AKEMAN MCBURNEY HEALTH CLINIC,420 W Front St,Slater,MO,65349-1328,Saline
CASSVILLE MEDICAL CARE ASSOCIATES,PO BOX 568,Cassville,MO,65625-0568,Barry
GOLDEN VALLEY MEDICAL - CLINTON,1602 N 2nd St,Clinton,MO,64735-1192,Henry
Kahoka Dental,22291 US Highway 136,Kahoka,MO,63445-2009,Clark
Kirksville Veteran's Clinic,506 Rosewood Dr,Kirksville,MO,63501-2437,Adair
Macon Family Health,209 N Missouri St,Macon,MO,63552-1745,Macon
Memphis Community Health Center,118 W Grand Ave,Memphis,MO,63555-1533,Scotland
Mobile Van 1,402 W Jefferson St,Kirksville,MO,63501-3407,Adair
Northeast Dental,402 W Jefferson St STE C,Kirksville,MO,63501-3407,Adair
Northeast Family Health,52334 Business Highway 5,Milan,MO,63556-3040,Sullivan
Northeast Family Health,104 E Jackson St,Edina,MO,63537-1335,Knox
Northeast Family Health,1506 Crown Dr,Kirksville,MO,63501-2553,Adair
Northeast Family Health,1510 Crown Dr,Kirksville,MO,63501-2553,Adair
Northeast Family Health Annex,1410 Crown Dr,Kirksville,MO,63501-2548,Adair
"Northeast Missouri Health Council, Inc.",1416 Crown Dr,Kirksville,MO,63501-2548,Adair
Northeast Missouri Mobile Services,1506 Crown Dr,Kirksville,MO,63501-2553,Adair
Northeast Pediatrics,402 W Jefferson St STE A,Kirksville,MO,63501-3407,Adair
OB/GYN Specialty Group,402 W Jefferson St STE B,Kirksville,MO,63501-3407,Adair
LAKE REGIONAL CLINIC-LAURIE,156 Missouri Blvd,Gravois Mills,MO,65037-5394,Morgan
"BOLIVAR FAMILY CARE CENTER, LLC",1240 N Butterfield Rd,Bolivar,MO,65613-3016,Polk
FAMILY CARE CLINIC HIGH STREET,706 S High St,Butler,MO,64730-1833,Bates
LEWISTOWN RURAL HEALTH CLINIC,PO BOX 98,Lewistown,MO,63452-0098,Lewis
COX HEALTH CENTER MARSHFIELD,1245 Banning St,Marshfield,MO,65706-1001,Webster
Benton Medical Center,6724 State Highway 77,Benton,MO,63736-8238,Scott
Bernie Medical and Dental Center,741 S Walnut St,Bernie,MO,63822-8900,Stoddard
Caruthersville Medical and Dental Center,109 E 5th St,Caruthersville,MO,63830-1417,Pemiscot
East Prairie Dental Center,111 Prairie Dr,East Prairie,MO,63845-1114,Mississippi
New Madrid Medical Center,421 Semo Dr,New Madrid,MO,63869-1733,New Madrid
Otto Bean Dental Clinic,500 Russell St,Kennett,MO,63857-2102,Dunklin
Otto Bean Medical Clinic,500 Russell St,Kennett,MO,63857-2102,Dunklin
SEMO Health Network Benton Corporate Office,6738 State Highway 77,Benton,MO,63736-8238,Scott
Sikeston Alternative Education Center Clinic,835 W Murray Ln,Sikeston,MO,63801-4056,New Madrid
Sikeston Dental Center,220 Southland Dr,Sikeston,MO,63801-4403,New Madrid
Sikeston High School Clinic,200 Pine St,Sikeston,MO,63801-3258,Scott
Sikeston Medical Clinic,200 Southland Dr,Sikeston,MO,63801-4403,New Madrid
Southeast Health on Wheels,700 N Douglass St,Malden,MO,63863-1510,Dunklin
SOUTHEAST MISSOURI HEALTH NETWORK,420 Semo Dr,New Madrid,MO,63869-1734,New Madrid
MERCY - ST JAMES,107 W Eldon St,Saint James,MO,65559-1903,Phelps
COX HEALTH CENTER SHELL KNOB,25376 State Highway 39 STE 301,Shell Knob,MO,65747-7900,Barry
Central Ozarks Medical Center,304 W Washington Ave,Richland,MO,65556-7101,Pulaski
Central Ozarks Medical Center,3870 Columbia Ave,Osage Beach,MO,65065-8689,Miller
Central Ozarks Medical Center - Laurie,401 N Main St,Gravois Mills,MO,65037-6173,Morgan
Central Ozarks Medical Center Camdenton,1652 S Business Route 5,Camdenton,MO,65020-6872,Camden
Central Ozarks Medical Center Plato,10645 Plato Dr,Plato,MO,65552-8100,Texas
COMC Administration and Behavioral Health,112 E Mcclurg Ave,Richland,MO,65556-7601,Pulaski
COMC Camdenton School Site,172 Dare Blvd,Camdenton,MO,65020,Camden
COMC Community Outreach Richland,107 W Camden Ave,Richland,MO,65556,Pulaski
COMC Eldon School Site,112 S Pine St,Eldon,MO,65026-1581,Miller
COMC Iberia School Site,201 Pemberton Dr,Iberia,MO,65486-9329,Miller
COMC Laquey School Site,27600 Highway AA,Laquey,MO,65534-7694,Pulaski
COMC Mobile Dental Clinic,304 W Washington Ave,Richland,MO,65556-7101,Pulaski
COMC Mobile Medical Clinic,304 W Washington Ave,Richland,MO,65556-7101,Pulaski
COMC Richland School Clinic,714 E Jefferson Ave,Richland,MO,65556-8202,Pulaski
COMC School of the Osage School Site,1501 School Rd,Lake Ozark,MO,65049-9761,Miller
COMC Stoutland School Clinic,7584 State Road T,Stoutland,MO,65567-4236,Camden
COMC Waynesville School Site,200 Fleetwood Dr,Waynesville,MO,65583-2266,Pulaski
FITZGIBBON PROFESSIONAL BUILDING,2305 S Highway 65 BLDG A,Marshall,MO,65340-3702,Saline
Harrison County Community Hospital,2600 Miller St,Bethany,MO,64424-2701,Harrison
North Mercer School,400 Main St,Mercer,MO,64661-7523,Mercer
Princeton Office,606 W Main St,Princeton,MO,64673-1140,Mercer
Princeton School,1008 E Coleman St,Princeton,MO,64673-1210,Mercer
OCH WEBSTER COUNTY CLINIC,101 S Main St,Rogersville,MO,65742-9357,Webster
OZARKS MEDICAL CENTER WINONA,PO BOX 28,Winona,MO,65588-0028,Shannon
BUTTERFIELD PARK MEDICAL CENTER,1300 N Oakland Ave STE A,Bolivar,MO,65613-3008,Polk
LAKE REGIONAL CLINIC - LAKE OZARK,1870 Bagnell Dam Blvd,Lake Ozark,MO,65049-8658,Camden
CAMPBELL MEDICAL CLINIC,413 W Grand Ave,Campbell,MO,63933-1523,Dunklin
Missouri Highlands Clinical Lab,61 Highway Y STE A,Ellington,MO,63638-7802,Reynolds
Missouri Highlands Dental - Ellington,115 W Walnut St,Ellington,MO,63638-9300,Reynolds
Missouri Highlands Dental - Piedmont,1 Hals Plz STE B,Piedmont,MO,63957-1613,Wayne
Missouri Highlands Dental - Pilot Knob,315 W Mulberry,Pilot Knob,MO,63663-7860,Iron
Missouri Highlands Dental - Poplar Bluff,1407 N Westwood Blvd,Poplar Bluff,MO,63901-3315,Butler
MISSOURI HIGHLANDS HEALTH CARE,110 S 2nd St,Ellington,MO,63638-9400,Reynolds
Missouri Highlands Health Care - Annapolis,202 N Allen St,Annapolis,MO,63620-8778,Iron
Missouri Highlands Health Care - Doniphan North,109 Leroux St,Doniphan,MO,63935-1038,Ripley
Missouri Highlands Health Care - Doniphan South,109 Plum St STE B,Doniphan,MO,63935-1277,Ripley
Missouri Highlands Health Care - Ellington,61 Highway Y STE B,Ellington,MO,63638-7802,Reynolds
Missouri Highlands Health Care - Eminence,17959 Main St,Eminence,MO,65466-6375,Shannon
Missouri Highlands Health Care - Greenville,135 Main St,Greenville,MO,63944-8119,Wayne
Missouri Highlands Health Care - Naylor,220 Broad St,Naylor,MO,63953,Ripley
Missouri Highlands Health Care - Piedmont,1 Hals Plz STE A,Piedmont,MO,63957-1613,Wayne
Missouri Highlands Health Care - Pilot Knob,315 W Mulberry STE A,Pilot Knob,MO,63663-7883,Iron
Missouri Highlands Health Care - Poplar Bluff,2210 Barron Rd,Poplar Bluff,MO,63901-1908,Butler
Missouri Highlands Health Care - Poplar Bluff ...,2755 Barron Rd,Poplar Bluff,MO,63901-1929,Butler
Missouri Highlands Health Care - Van Buren,405 Main St,Van Buren,MO,63965,Carter
Missouri Highlands Health Care - Viburnum,18 Viburnum Center Rd,Viburnum,MO,65566-7802,Iron
Missouri Highlands Hillview School Clinic,11001 US-160,Harviell,MO,63945,Butler
Missouri Highlands Lone Star School Clinic,3277 US Highway 160 W,Doniphan,MO,63935-5710,Ripley
Missouri Highlands Mobile Dental Clinic,1407 N Westwood Blvd,Poplar Bluff,MO,63901-3315,Butler
Missouri Highlands Naylor School Clinic,101 E Batten St,Naylor,MO,63953-7837,Ripley
Missouri Highlands Neelyville School Clinic,289 Broadway St,Neelyville,MO,63954-7176,Butler
Missouri Highlands OB/GYN Clinic,2879 James Blvd,Poplar Bluff,MO,63901-3395,Butler
Missouri Highlands Urgent Care - Doniphan,109 Plum St Ste A,Doniphan,MO,63935-1277,Ripley
Missouri Highlands Urgent Care Lab,109 Plum St Ste C,Doniphan,MO,63935-1277,Ripley
Poplar Bluff Regional Medical Center,3100 Oak Grove Rd,Poplar Bluff,MO,63901-1573,Butler
MADISON MEDICAL CENTER RHC,PO BOX 431,Fredericktown,MO,63645-0431,Madison
FERGUSON MEDICAL GROUP,1516 W Business US Highway 60,Dexter,MO,63841-2835,Stoddard
TCMH FAMILY CLINIC-LICKING,233 S Main St,Licking,MO,65542-9325,Texas
MONROE CITY FAMILY PRACTICE,PO BOX 305,Monroe City,MO,63456-0305,Monroe
TCMH INTERNAL MEDICINE ASSOC,1337 S Sam Houston Blvd,Houston,MO,65483-2046,Texas
LAKE REGIONAL CLINIC - CAMDENTON,1930 N Business Route 5 UNIT 1A,Camdenton,MO,65020-2659,Camden
CHCCM- Fulton Clinic,561 Commons Dr,Fulton,MO,65251-1408,Callaway
CHCCMO - California Clinic,606 E Buchanan St,California,MO,65018-1910,Moniteau
CHCCMO - Mobile Unit,1511 Christy Dr,Jefferson City,MO,65101-2854,Cole
CHCCMO Linn,316 W Main St,Linn,MO,65051-2516,Osage
CHCCMO Mobile Medical Unit 2,1511 Christy Dr,Jefferson City,MO,65101-2854,Cole
CHCCMO South Callaway School,10135 State Road C,Mokane,MO,65059-1213,Callaway
CHCCMO- Administration,1616 Southridge Dr STE 101,Jefferson City,MO,65109-5677,Cole
CHCCMO- Medical Mobile Unit,1511 Christy Dr,Jefferson City,MO,65101-2854,Cole
Community Health Center of Central Missouri - ...,1511 Christy Dr,Jefferson City,MO,65101-2854,Cole
NEVADA REGIONAL PRIMARY CARE CENTER,627 S Ash St STE B,Nevada,MO,64772-3279,Vernon
MERCY CLINIC FAMILY MEDICINE- LEBANON,120 Hospital Dr STE 100,Lebanon,MO,65536-9227,Laclede
COXHEALTH CENTER SEYMOUR,202 N Commercial St,Seymour,MO,65746-8858,Webster
COMPLETE FAMILY MEDICINE KIRKSVILLE RHC,1611 S Baltimore St,Kirksville,MO,63501-4518,Adair
Mobile Dental Unit.,3801 Dr Martin Luther King Jr Blvd,Kansas City,MO,64130-2807,Jackson
MOBILE MEDICAL CLINIC.,3801 Dr Martin Luther King Jr Blvd,Kansas City,MO,64130-2807,Jackson
Swope Health - Emmanuel Family &amp; Child Dev...,4736 Prospect Ave,Kansas City,MO,64130-2602,Jackson
Swope Health - Excelsior Springs Pediatric Clinic,500 N Jesse James Rd,Excelsior Springs,MO,64024-3614,Clay
Swope Health - Operation Breakthrough,3039 Troost Ave,Kansas City,MO,64109-1540,Jackson
Swope Health - Tenney Pediatrics,6501 E 87th St,Kansas City,MO,64138-2732,Jackson
Swope Health Belton,204 E North Ave,Belton,MO,64012-2013,Cass
Swope Health Independence,11320 E Truman Rd,Independence,MO,64050-2564,Jackson
Swope Health Services - Hickman Mills,8800 Blue Ridge Blvd STE 208,Kansas City,MO,64138-4061,Jackson
Swope Health Services - Maple Woods,3100 NE 83rd St STE 1001 # 140,Kansas City,MO,64119-4460,Clay
Swope Health Services - Northland,2908 NW Vivion Rd STE 100,Riverside,MO,64150-1504,Platte
SWOPE HEALTH SERVICES CENTRAL.,3801 Dr Martin Luther King Jr Blvd,Kansas City,MO,64130-2807,Jackson
Kansas City CARE Clinic,3515 Broadway Blvd,Kansas City,MO,64111-2501,Jackson
Kansas City CARE Clinic,2340 E Meyer Blvd STE 200,Kansas City,MO,64132-1121,Jackson
Kansas City CARE Clinic,4601 Independence Ave,Kansas City,MO,64124-2927,Jackson
Kansas City CARE Clinic,2340 E Meyer Blvd STE 208,Kansas City,MO,64132-1121,Jackson
Kansas City CARE Clinic,2340 E Meyer Blvd STE 318,Kansas City,MO,64132-1105,Jackson
Kansas City CARE Clinic,4435 Main St STE 1000,Kansas City,MO,64111-7723,Jackson
Kansas City CARE Clinic,3501 Broadway Blvd,Kansas City,MO,64111-2501,Jackson
Kansas City CARE Clinic - Medical Mobile Unit,2340 E Meyer Blvd,Kansas City,MO,64132-1105,Jackson
Kansas City CARE Clinic - Mobile,2380 E Meyer Blvd,Kansas City,MO,64132-1136,Jackson
Kansas City CARE Clinic - Mobile Unit,2340 E Meyer Blvd,Kansas City,MO,64132-1105,Jackson
MO BAPTIST-STEELVILLE OFFICE,PO BOX Ah,Steelville,MO,65565-0568,Crawford
OZARKS HEALTHCARE MOUNTAIN GROVE,500 E 19th St STE A,Mountain Grove,MO,65711-1115,Wright
SSM HEALTH MEDICAL GROUP FAMILY MEDICINE,111 W Bates St,Wellsville,MO,63384-1616,Montgomery
MERCY CLINIC - SALEM,404 W Rolla Rd,Salem,MO,65560-1233,Dent
COXHEALTH CENTER MOUNTAIN GROVE,1602 N Main St,Mountain Grove,MO,65711-1010,Wright
FAMILY CARE CLINIC RICH HILL,225 N 14th St,Rich Hill,MO,64779-1372,Bates
SULLIVAN COUNTY MEMORIAL HOSPITAL,630 W 3rd St,Milan,MO,63556-1076,Sullivan
GOLDEN VALLEY MEDICAL - WARSAW,1771 Commercial St,Warsaw,MO,65355-3096,Benton
SSM HEALTH MEDICAL GROUP FAMILY MEDICINE,100 Highway 28 E,Belle,MO,65013-3405,Osage
SSM HEALTH MEDICAL GROUP FAMILY MEDICINE,875 S Highway 5,Tipton,MO,65081-8441,Moniteau
SOUTH HOLT FAMILY MEDICINE,101 S Washington St,Oregon,MO,64473-9311,Holt
MOUND CITY FAMILY MEDICINE,514 State St,Mound City,MO,64470-1145,Holt
MEDICAL WALK-IN CLINIC,1420 S Business 61,Bowling Green,MO,63334-5230,Pike
Hollister R-V - Hollister Early Childhood Center,1792 State Highway Bb,Hollister,MO,65672-5423,Taney
Hollister R-V - Hollister High School,2112 State Highway Bb,Hollister,MO,65672-5785,Taney
Hollister R-V - Hollister Middle School,1798 State Highway Bb,Hollister,MO,65672-5423,Taney
Hollister R-V School District,1794 State Highway Bb,Hollister,MO,65672-5423,Taney
Jordan Valley Community Health Center - Benton,618 N Benton Ave,Springfield,MO,65806-1102,Greene
Jordan Valley Community Health Center - Grand,1720 W Grand St,Springfield,MO,65802-4802,Greene
Jordan Valley Community Health Center - Hollister,33 Gage Dr,Hollister,MO,65672-5862,Taney
Jordan Valley Community Health Center - Lebanon,860 Lynn St,Lebanon,MO,65536-3810,Laclede
Jordan Valley Community Health Center - Lebano...,2020 Evergreen Pkwy,Lebanon,MO,65536-4611,Laclede
Jordan Valley Community Health Center - Marshf...,1166 Banning St,Marshfield,MO,65706-1015,Webster
Jordan Valley Community Health Center - Republic,550 E Harrison St,Republic,MO,65738-1353,Greene
Jordan Valley Community Health Center - Republ...,649 E Elm St,Republic,MO,65738-1505,Greene
Jordan Valley Community Health Center - South,2238 W Kingsley St,Springfield,MO,65807-5456,Greene
Jordan Valley Community Health Center - Tampa,440 E Tampa St,Springfield,MO,65806-1131,Greene
Lebanon R-III - Boswell Elementary School,695 Millcreek Rd,Lebanon,MO,65536-3338,Laclede
Lebanon R-III - Esther Elementary School,1200 Clark Ave,Lebanon,MO,65536-2331,Laclede
Lebanon R-III - Hillcrest Education Center,301 Hoover St,Lebanon,MO,65536-2685,Laclede
Lebanon R-III - Lebanon High School,777 Brice St,Lebanon,MO,65536-2451,Laclede
Lebanon R-III - Lebanon Middle School,2700 Buzz Pride Dr,Lebanon,MO,65536-7526,Laclede
Lebanon R-III - Maplecrest Elementary School,901 Maple Ln,Lebanon,MO,65536-4703,Laclede
Mobile Unit 1,618 N Benton Ave,Springfield,MO,65806-1102,Greene
Mobile Unit 2,440 E Tampa St,Springfield,MO,65806-1131,Greene
Mobile Unit 3,440 E Tampa St,Springfield,MO,65806-1131,Greene
Mobile Unit 4,440 E Tampa St,Springfield,MO,65806-1131,Greene
Mobile Unit 5,440 E Tampa St,Springfield,MO,65806-1131,Greene
Mobile Unit 6 (Greene County CARES),440 E Tampa St,Springfield,MO,65806-1131,Greene
Springfield R-XII - Bingham Elementary School,2126 E Cherry St,Springfield,MO,65802-2957,Greene
Springfield R-XII - Cowden Elementary School,2927 S Kimbrough Ave,Springfield,MO,65807-3601,Greene
Springfield R-XII - Weaver Elementary School,1461 N Douglas Ave,Springfield,MO,65802-1779,Greene
Springfield R-XII - Westport K-8 School,415 S Golden Ave,Springfield,MO,65802-4709,Greene
Samuel U. Rodgers Health Center - East,2100 E 9th St,Kansas City,MO,64124-2364,Jackson
Samuel U. Rodgers Health Center - Mobile,825 Euclid Ave,Kansas City,MO,64124-2323,Jackson
Samuel U. Rodgers Health Center Blue Springs S...,1501 NW Jefferson St,Blue Springs,MO,64015-7242,Jackson
Samuel U. Rodgers Health Center Cabot Westside,2121 Summit St,Kansas City,MO,64108-2126,Jackson
Samuel U. Rodgers Health Center Clay County Fa...,800 Haines,Liberty,MO,64068-1006,Clay
Samuel U. Rodgers Health Center Downtown Campus,825 Euclid Ave,Kansas City,MO,64124-2323,Jackson
Samuel U. Rodgers Health Center J.A. Rogers Fa...,6400 E 23rd St,Kansas City,MO,64129-1103,Jackson
Samuel U. Rodgers Health Center Northland Fami...,5330 N Oak Trfy STE 203,Kansas City,MO,64118-4600,Clay
FAMILY CARE CLINIC,617 W Nursery St,Butler,MO,64730-1840,Bates
PIKE MEDICAL CLINIC INC,211 S 3rd St,Louisiana,MO,63353-2000,Pike
PLEASANT HOPE FAMILY MED CTR,209 S Main St,Pleasant Hope,MO,65725-8121,Polk
FERGUSON MEDICAL GROUP SIKESTON,1012 N Main St,Sikeston,MO,63801-5044,Scott
Arthur Center Behavioral Health,896 S Sturgeon St,Montgomery City,MO,63361-2716,Montgomery
Arthur Center Community Behavioral Health,581 Commons Dr,Fulton,MO,65251-1408,Callaway
Arthur Center Community Health,340 Kelley Pkwy,Mexico,MO,65265-3811,Audrain
Arthur Center Montgomery,1225 Aguilar Dr,Montgomery City,MO,63361-2723,Montgomery
Mobile Dental Unit,340 Kelley Pkwy,Mexico,MO,65265-3811,Audrain
Mobile Medical Unit,340 Kelley Pkwy,Mexico,MO,65265-3811,Audrain
MERCY CLINIC FAMILY MEDICINE-CASSVILLE,92 Main St,Cassville,MO,65625-1610,Barry
FERGUSON MEDICAL GROUP,112 W Commercial St,Charleston,MO,63834-1601,Mississippi
TCMH MOUNTAIN GROVE CLINIC,1905 W 19th St,Mountain Grove,MO,65711-1287,Wright
NRMC RICH HILL FAMILY MEDICINE CLINIC,320 N 14th St,Rich Hill,MO,64779-2145,Bates
Southern Missouri Community Health Center Thay...,1119 Independence Dr,West Plains,MO,65775-4221,Howell
Southern Missouri Community Health Center West...,9394 US 63,Thayer,MO,65791-9448,Oregon
Thayer Elementary School Based Health Center,1137 Independence Dr,West Plains,MO,65775-4221,Howell
Clarity Healthcare,4600 McMasters Ave,Hannibal,MO,63401-2244,Marion
Clarity Healthcare,725 Cleveland St,Paris,MO,65275-1119,Monroe
Clarity Healthcare,1405 Pearl St,Hannibal,MO,63401-4151,Marion
Clarity Healthcare,420 N Washington St,Monroe City,MO,63456-1345,Monroe
Clarity Healthcare,1 Healthcare Pl,Bowling Green,MO,63334-3602,Pike
Clarity Healthcare,301 W Martin St,Cairo,MO,65239-1006,Randolph
Clarity Healthcare,700 W Adams St,Bowling Green,MO,63334-2046,Pike
Clarity Healthcare,21622 Highway 19,Center,MO,63436-2195,Ralls
Clarity Healthcare,400 Salisbury St,Montgomery City,MO,63361-1232,Montgomery
Clarity Healthcare,1625 Gratz Brown St,Moberly,MO,65270-1994,Randolph
Clarity Healthcare,3531 Stardust Dr,Hannibal,MO,63401-6224,Marion
Clarity Healthcare,3557 Stardust Dr,Hannibal,MO,63401-6224,Marion
Clarity Healthcare,1805 E Walnut St,Columbia,MO,65201-6425,Boone
Clarity Healthcare,3407 Berrywood Dr STE 200,Columbia,MO,65201-6500,Boone
Clarity Healthcare Madison School MO,3401 Berrywood Dr,Columbia,MO,65201-8372,Boone
Clarity Healthcare Mobile 1,309 S Thomas St,Madison,MO,65263-1037,Monroe
Clarity Healthcare Mobile BH/PC IL,141 Communication Dr,Hannibal,MO,63401-3670,Marion
Preferred Family Healthcare,141 Communication Dr,Hannibal,MO,63401-3670,Marion
Quincy Housing Authority,141 Communication Dr,Hannibal,MO,63401-3670,Marion
Albany School Based Health Center,202 S East St,Albany,MO,64402-1836,Gentry
Braymer Clinic,101 W Jefferson St,Albany,MO,64402-1237,Gentry
Cainsville Medical Clinic,109 N Main St,Braymer,MO,64624-9325,Caldwell
Family Medicine Associates,707 Victory Ln,Cainsville,MO,64632-9506,Harrison
Gallatin Elementary School Based Health Center,2303 Village Dr,Saint Joseph,MO,64506-4954,Buchanan
Gallatin High School Based Health Center,502 S Olive St,Gallatin,MO,64640-9470,Daviess
Gallatin Middle School Based Health Center,602 S Olive St,Gallatin,MO,64640-9471,Daviess
Gower Family Medicine,600 S Olive St,Gallatin,MO,64640-9471,Daviess
Hamilton Elementary School Based Heath Center,313 S US Highway 169,Gower,MO,64454-9116,Clinton
Hamilton Medical Clinic,7650 NW Harley Rd,Hamilton,MO,64644-9181,Caldwell
Hamilton Middle and High School Based Health C...,101 Cross St,Hamilton,MO,64644-8311,Caldwell
King City Clinic,419 S Hughes St,Hamilton,MO,64644-1352,Caldwell
Maryville Elementary School Health Center,305 Rhode Island St,King City,MO,64463-9622,Gentry
Maryville High School Health Center,418 E 2nd St,Maryville,MO,64468-1703,Nodaway
Maryville Middle School Health Center,1503 S Munn Ave,Maryville,MO,64468-2757,Nodaway
Mid-Buchanan School Based Health Center,525 W South Hills Dr,Maryville,MO,64468-3653,Nodaway
Minnie Cline Elementary - SBHC,3221 SE State Route H,Faucett,MO,64448-8197,Buchanan
Mound City Clinic,808 W Price Ave,Savannah,MO,64485-1671,Andrew
NHS North End Health Center,1303 State St,Mound City,MO,64470-1717,Holt
Northwest Family Dental and Behavioral Health,1000 5th Ave # 1000,Saint Joseph,MO,64505-2111,Buchanan
Northwest Health Mobile Unit,3608 Faraon St,Saint Joseph,MO,64506-3044,Buchanan
Northwest Health Services - Chillicothe,2303 Village Dr,Saint Joseph,MO,64506-4954,Buchanan
Northwest Health Services - Chillicothe,590 Park Ln,Chillicothe,MO,64601-1560,Livingston
Northwest Health Services Downtown Health Center,300 W Business 36,Chillicothe,MO,64601-3362,Livingston
Polo School Based Health Center,503 S 6th St,Saint Joseph,MO,64501-2224,Buchanan
Savannah Medical Clinic,300 W School St,Polo,MO,64671-9341,Caldwell
Savannah Middle School,803 W US Highway 71,Savannah,MO,64485-1151,Andrew
South Side Health Center,10500 State Route T,Savannah,MO,64485-2456,Andrew
Stanberry R-II School District,5001 Lake Ave,Saint Joseph,MO,64504-1170,Buchanan
Worth County R-III SBHC,610 N Park St,Stanberry,MO,64489-1051,Gentry
Farmington R-VII - Dayse Baker Learning Center,512 State St RM 101,Mineral Point,MO,63660-8208,Washington
Great Mines Health Center,1 Southtowne Dr,Potosi,MO,63664-5729,Washington
Great Mines Health Center Mobile Clinic 2,1 Southtowne Dr,Potosi,MO,63664-5729,Washington
Great Mines-West County Community Hope Center ...,1 Southtowne Dr,Potosi,MO,63664-5729,Washington
Kingston K-14 School District,10047 Diamond Rd RM 2,Cadet,MO,63630-9581,Washington
Richwoods R-VII School District,10047 Diamond Rd RM 809,Cadet,MO,63630-9581,Washington
West County High School,10788 State Highway A RM 128,Richwoods,MO,63071-2548,Washington
DOUGLAS COUNTY PUBLIC HLTH SRV. GROUP,504 W Broadway Ave,Ava,MO,65608,Douglas
MISSOURI OZARKS COMMUNITY HEALTH,87 Elm St,Gainesville,MO,65655-7131,Ozark
Missouri Ozarks Community Health,804 N Highway 5,Mansfield,MO,65704-7301,Wright
Missouri Ozarks Community Health,904 Zimmerman Ave,Cabool,MO,65689-7365,Texas
Missouri Ozarks Community Health Licking Medical,1604 N Main St,Mountain Grove,MO,65711-1010,Wright
Missouri Ozarks Community Health-Houston,135 College Ave,Licking,MO,65542-9878,Texas
Mobile Unit 1,1340 S Sam Houston Blvd,Houston,MO,65483-2045,Texas
MOCH - Ava School Based Site,504 E Broadway Ave,Ava,MO,65608-5670,Douglas
MOCH Wellness Center,E Main Ave,Ava,MO,65608,Douglas
Fordland Clinic,658 State Highway Ee,Blue Eye,MO,65611-7222,Stone
Fordland Clinic,11863 State Highway 13,Kimberling City,MO,65686-8362,Stone
Fordland Clinic,1059 Barton Dr,Fordland,MO,65652-7350,Webster
Reeds Spring Elementary School,1300 E Bradford Pkwy,Springfield,MO,65804-4264,Greene
OZARKS HEALTHCARE THAYER,300 Wolves Ln,Reeds Spring,MO,65737-9796,Stone
MERCY CLINIC - BIRCH TREE,1375 Nettleton Ave,Thayer,MO,65791-8740,Oregon
MERCY CLINIC FAMILY MEDICINE-MOUNTAIN VIEW,9138 Obanion St,Birch Tree,MO,65438-8485,Shannon
PHELPS HEALTH MEDICAL GROUP SALEM,104 E US Highway 60,Mountain View,MO,65548-7381,Howell
OZARKS HEALTHCARE GAINESVILLE,1415 W Scenic Rivers Blvd,Salem,MO,65560-2840,Dent
COXHEALTH CENTER CRANE,37 Medical Dr,Gainesville,MO,65655-8133,Ozark
BOTHWELL HEALTH CENTER - TRUMAN LAKE,102 Cortney Ln,Crane,MO,65633-9192,Stone
MERCY PHYSICIANS FOR WOMEN'S HEALTH,1765 Commercial St,Warsaw,MO,65355-3096,Benton
OCH GOODMAN FAMILY CLINIC,1615 Hazel Ave,Carthage,MO,64836-3020,Jasper
OCH PINEVILLE MEDICAL CLINIC,912B State Highway 59,Goodman,MO,64843-8252,McDonald
MERCY CLINIC PEDIATRICS-ROLLA,5265 S Business Highway 71,Pineville,MO,64856-8505,McDonald
OCHC -  Bolivar Dental Clinic,1605 Martin Springs Dr STE 250,Rolla,MO,65401-2980,Phelps
OCHC -  Urbana Medical Center,203 E Broadway St,Bolivar,MO,65613-1623,Polk
OCHC - Billing Office,18614 Jackson St,Hermitage,MO,65668-8204,Hickory
OCHC - Dade Co. Dental Clinic,406 S Dallas St,Urbana,MO,65767-9144,Dallas
OCHC - Dadeville School,23649 Dallas St,Hermitage,MO,65668-8200,Hickory
OCHC - Fair Play Schools,162 S Allison Ave,Greenfield,MO,65661-1391,Dade
OCHC - Greenfield Dental Clinic,17 Bearcat Trl RM 1,Dadeville,MO,65635-8196,Dade
OCHC - Halfway Schools,301 N Walnut St RM 50,Fair Play,MO,65649-5102,Polk
OCHC - Hermitage School,3 N State Highway 39,Greenfield,MO,65661-9401,Dade
OCHC - Hickory County R-I (Skyline),2150 MO-32,Half Way,MO,65663-9185,Polk
OCHC - Humansville Schools,23824 Polk St RM 306,Hermitage,MO,65668-8213,Hickory
OCHC - Marion C. Early School,20663 US Highway 65 RM 1,Urbana,MO,65767-8602,Hickory
OCHC - Weaubleau Schools,300 N Oak St RM 205,Humansville,MO,65674-8715,Polk
OCHC - Wheatland School,5305 S Main St,Morrisville,MO,65710,Polk
OCHC – Hermitage Dental Clinic,22320 Center St RM 103,Weaubleau,MO,65774-8250,Hickory
Ozarks Community Health Center - Miles for Smi...,18808 MO-83,Wheatland,MO,65779,Hickory
Ozarks Community Health Center - Urbana,18753 Spring St,Hermitage,MO,65668-8316,Hickory
GLENNON CARE PEDIATRICS,111 N Main St,Urbana,MO,65767-9152,Dallas
PINE DRIVE MEDICAL CENTRE,511 Ashland Ave STE A,Warrenton,MO,63383-1065,Warren
JEFFERSON MEDICAL GROUP,600 N Main St,Pilot Knob,MO,63663-5601,Iron
COXHEALTH MONETT CLINIC,1502 N Jefferson St,Carrollton,MO,64633-1948,Carroll
BOWLING GREEN MEDICAL GROUP,1000 E US Highway 60,Monett,MO,65708-8258,Barry
ASSOCIATED MEDICAL ARTS,905 Highway 161,Bowling Green,MO,63334-2431,Pike
SOUTHWEST MEDICAL ASSOCIATES,504 N Sturgeon St,Montgomery City,MO,63361-1829,Montgomery
"Compass Health (Osceola, Missouri)",101 Progress Pkwy,Sullivan,MO,63080-2359,Crawford
Compass Health - Arnold,1800 Community,Clinton,MO,64735-8804,Henry
Compass Health - Festus,849 Jeffco Blvd,Arnold,MO,63010-1409,Jefferson
Compass Health - Festus,21 Municipal Dr,Arnold,MO,63010-1012,Jefferson
Compass Health - Herculaneum,110 N Mill St,Festus,MO,63028-1816,Jefferson
Compass Health - High Ridge,501 Westwind Dr,Festus,MO,63028-1537,Jefferson
Compass Health - High Ridge,200 Senn-Thomas Dr,Herculaneum,MO,63048,Jefferson
Compass Health - Hillsboro,324 Emerson Rd,High Ridge,MO,63049-2542,Jefferson
Compass Health - House Springs,1817 Gravois Rd,High Ridge,MO,63049-2668,Jefferson
Compass Health - Mobile 1,4 Hickory Ridge Rd,Hillsboro,MO,63050-5100,Jefferson
Compass Health - Mobile 2,4300 Gravois Rd,House Springs,MO,63051-2304,Jefferson
Compass Health - Nevada,849 Jeffco Blvd,Arnold,MO,63010-1409,Jefferson
Compass Health - Odessa,841 Jeffco Blvd,Arnold,MO,63010-1409,Jefferson
Compass Health Bates County Clinic,320 Mac Blvd,Nevada,MO,64772-3990,Vernon
Compass Health Bates County Dental Clinic,1278 W US Highway 40,Odessa,MO,64076,Lafayette
Compass Health Cedar County Clinic,805 N Orange St,Butler,MO,64730-9382,Bates
Compass Health Center Administrative Office Je...,205 E Dakota St,Butler,MO,64730-2113,Bates
"Compass Health Center, Inc.",107 W Broadway St,El Dorado Springs,MO,64744-1133,Cedar
Compass Health Inc.,3515 Amazonas Dr,Jefferson City,MO,65109-6821,Cole
Compass Health Inc.,3501 Berrywood Dr,Columbia,MO,65201-6584,Boone
Compass Health Inc.,1010 Remington Plz,Raymore,MO,64083-8640,Cass
Compass Health Owensville,616 Burkarth Rd,Warrensburg,MO,64093-1462,Johnson
"Compass Health, Inc.",1800 Community,Clinton,MO,64735-8804,Henry
"Compass Health, Inc.",704 E Highway 28,Owensville,MO,65066-1588,Gasconade
"Compass Health, Inc.",901 NE Independence Ave,Lees Summit,MO,64086-5544,Jackson
"Compass Health, Inc.",1000 W Nifong Blvd BLDG 6,Columbia,MO,65203-5615,Boone
"Compass Health, Inc.",91 Troy Sq,Troy,MO,63379-3227,Lincoln
"Compass Health, Inc.",501 N Sunset Ln,Raymore,MO,64083-9402,Cass
"Compass Health, Inc.",1705 E Broadway STE 340,Columbia,MO,65201-7167,Boone
"Compass Health, Inc.",303 N Keene St STE 202,Columbia,MO,65201-8052,Boone
"Compass Health, Inc.",201 N Garth Ave,Columbia,MO,65203-4105,Boone
"Compass Health, Inc.",1810 Spruce St,Higginsville,MO,64037-1537,Lafayette
"Compass Health, Inc.",300 Galaxie Ave,Harrisonville,MO,64701-2084,Cass
"Compass Health, Inc.",200 Portland St,Columbia,MO,65201-6525,Boone
"Compass Health, Inc.",301 W Austin Blvd,Nevada,MO,64772-3124,Vernon
"Compass Health, Inc.",500 Clark Ave,Union,MO,63084-1004,Franklin
"Compass Health, Inc.",1517 Union Ave STE C,Moberly,MO,65270-9471,Randolph
Compass Heatlh Inc.,222 N Mill St,Festus,MO,63028-1818,Jefferson
Crider Health Center,303 N Keene St STE 202,Columbia,MO,65201-8052,Boone
"Crider Health Center, Inc.",2000 N Gaines Dr,Clinton,MO,64735-1132,Henry
Family Health Center @ Marceline,"1780 Old Highway 50 E, Ste 102",Union,MO,63084-3397,Franklin
Family Health Center @ Salisbury,1101 N Providence Rd,Columbia,MO,65203-4365,Boone
Family Health Center Columbia East,1600 N Missouri Ave,Marceline,MO,64658-1012,Linn
FAMILY HEALTH CENTER OF BOONE COUNTY,307 S Broadway,Salisbury,MO,65281-1037,Chariton
JUVENILE JUSTICE CENTER,"2475 Broadway Bluffs Dr, Ste 200",Columbia,MO,65201-8147,Boone
St. Charles Clinic,1001 W Worley St,Columbia,MO,65203-2037,Boone
"Warrenton Medical, Dental, & Behavioral Health",5665 Roger I Wilson Memorial Dr,Columbia,MO,65202-6522,Boone
Bourbon Dental Clinic,19515 Brune Pkwy,Warrenton,MO,63383-6505,Warren
Four Rivers Community Health Center,246 College St,Bourbon,MO,65441-8308,Crawford
Four Rivers Community Health Center Mobile Med...,1081 E 18th St,Rolla,MO,65401-2448,Phelps
Four Rivers Community Health Center Salem,509 E 10th St,Rolla,MO,65401-3302,Phelps
Four Rivers Community Health Center Smile Mobile,1081 E 18th St,Rolla,MO,65401-2448,Phelps
Four Rivers Community Health Center St Robert,601 S McArthur St,Salem,MO,65560-2132,Dent
Saint James Dental Center,1081 E 18th St,Rolla,MO,65401-2448,Phelps
MERCY CLINIC EAST COMMUNITIES,119 N Ash St,Buffalo,MO,65622-8590,Dallas
"Eastern Reception, Diagnostic and Correctional...",3151 Litton Rd,Chillicothe,MO,64601-8502,Livingston
CF-South Central Correctional Center,8200 No More Victims Rd,Jefferson City,MO,65101-4539,Cole
Western Missouri Correctional Center,255 W Highway 32,Licking,MO,65542-9076,Texas
"Women's Eastern Reception, Diagnostic and Corr...",609 E Pence Rd,Cameron,MO,64429-8823,DeKalb
SOUTHEAST PRIMARY CARE-MT AUBURN,1200 N One Mile Rd,Dexter,MO,63841-1000,Stoddard
SOUTHEAST HEALTH MALDEN CLINIC,"817 S Mount Auburn Rd, #100",Cape Girardeau,MO,63703-6383,Cape Girardeau
SOUTHEAST PEDIATRICS,500 N Douglass St,Malden,MO,63863-1506,Dunklin
SOUTHEAST HEALTH BERNIE CLINIC,25 Doctors Park,Cape Girardeau,MO,63703-4927,Cape Girardeau
SOUTHEASTHEALTH FAMILY MEDICINE OF POPLAR BLUFF,810 N Walnut St,Bernie,MO,63822-8901,Stoddard
CMH EL DORADO SPRINGS MEDICAL CENTER,2002 Kanell Blvd,Poplar Bluff,MO,63901-4011,Butler
SOUTHEASTHEALTH NEW MADRID CLINIC,322 E Hospital Rd,El Dorado Spg,MO,64744-2022,Cedar
LAKE REGIONAL CLINIC - LEBANON,800 US Highway 61,New Madrid,MO,63869-1106,New Madrid
LAKE REGIONAL OBSTETRICS & GYNECOLOGY,441 W Elm St,Lebanon,MO,65536-3523,Laclede
LAKE REGIONAL EXPRESS CARE - CAMDENTON,54 Hospital Dr STE 201,Osage Beach,MO,65065-3050,Camden
DALLAS COUNTY FAMILY MEDICAL CENTER,226 E US Highway 54,Camdenton,MO,65020-6819,Camden
"CAPE FAMILY MEDICAL CLINIC, LLC",201 S Ash St,Buffalo,MO,65622-8674,Dallas
SULLIVAN COUNTY MEMORIAL HOSP MILAN FAM PRACT ...,24 N Sprigg St,Cape Girardeau,MO,63701-5526,Cape Girardeau
SOUTHEASTHEALTH SIKESTON CLINIC,210 N Market St,Milan,MO,63556-1316,Sullivan
AIDS Project of the Ozarks,522 Virginia St,Sikeston,MO,63801-5812,Scott
APO Mobile Unit,1636 S Glenstone Ave STE 100,Springfield,MO,65804-1527,Greene
SOUTHEAST HEALTH BLOOMFIELD CLINIC,1636 S Glenstone Ave STE 100,Springfield,MO,65804-1527,Greene
OZARKS MEDICAL CENTER PEDIATRICS,1003 State Route 25 N,Bloomfield,MO,63825-9382,Stoddard
WESTWOOD RURAL HEALTH CLINIC,312 N Kentucky Ave,West Plains,MO,65775-2073,Howell
APPLETON CITY RURAL HEALTH CLINIC,2642 State Route 76,Willow Springs,MO,65793-8254,Howell
Southeast Correctional Center,3202 Miller St,Bethany,MO,64424-2713,Harrison
