Site Name,Site Address,Site City,Site State,Site Zip Code,County
USP - Big Sandy,1197 Airport Rd,Inez,KY,41224-6500,Martin
FCI - Ashland,State Route 716,Ashland,KY,41102,Boyd
ST CLAIRE REGIONAL FAMILY MEDICINE-SANDY HOOK,390 S Ky 7,Sandy Hook,KY,41171-6830,Elliott
KentuckyCare - 021,75 E Court St,Bardwell,KY,42023-8483,Carlisle
KentuckyCare - 112,120 N 4th St,Barlow,KY,42024-9579,Ballard
KentuckyCare - 128,312 S 8th St,Murray,KY,42071-2428,Calloway
KentuckyCare - 150,1372 US Highway 60 E,Burna,KY,42028-9239,Livingston
KentuckyCare - 151,850 Cutoff Rd,Smithland,KY,42081-8914,Livingston
KentuckyCare - 153,750 US Highway 60 W,Smithland,KY,42081-8983,Livingston
Kentuckycare - 39,308 S Washington St STE 200,Clinton,KY,42031-1347,Hickman
KentuckyCare - 44,3360 Wayne Sullivan Dr,Paducah,KY,42003,McCracken
KentuckyCare - 63,110 Kings Dr,Mayfield,KY,42066-3602,Graves
KentuckyCare-43,125 S 20th St,Paducah,KY,42001-7100,McCracken
ST CLAIRE REGIONAL FAMILY MEDICINE-FRENCHBURG,732 Highway 36,Frenchburg,KY,40322,Menifee
SALEM MEDICAL CLINIC,141 Hospital Dr,Salem,KY,42078-8043,Livingston
ACCESS FAMILY HEALTH CENTER,315 Hospital Dr STE 2,Barbourville,KY,40906-7917,Knox
Audubon Area Community Care Clinic,1620 Frederica St,Owensboro,KY,42301-4807,Daviess
Audubon Area Community Care Clinic - Cravens E...,2741 Cravens Ave,Owensboro,KY,42301-1666,Daviess
Audubon Area Community Care Clinic - Emerson A...,1335 W 11th St,Owensboro,KY,42301-2073,Daviess
Audubon Area Community Care Clinic - Estes Ele...,1675 Leitchfield Rd,Owensboro,KY,42303-0935,Daviess
Audubon Area Community Care Clinic - Foust Ele...,601 Foust Ave,Owensboro,KY,42301-1961,Daviess
Audubon Area Community Care Clinic - Newton Pa...,510 W Byers Ave,Owensboro,KY,42303-6327,Daviess
Audubon Area Community Care Clinic - Owensboro...,1800 Frederica St,Owensboro,KY,42301-4815,Daviess
Audubon Area Community Care Clinic - Owensboro...,2631 S Griffith Ave,Owensboro,KY,42301-5318,Daviess
Audubon Area Community Care Clinic - Owensboro...,1300 Booth Ave,Owensboro,KY,42301-4540,Daviess
Audubon Area Community Care Clinic - Sutton El...,2060 Lewis Ln,Owensboro,KY,42301-4463,Daviess
"Audubon Area Community Care Clinic, Inc.",750 Salem Dr STE 2,Owensboro,KY,42303-7758,Daviess
BARBOURVILLE FAMILY HEALTH CENTER,215 N Allison Ave,Barbourville,KY,40906-1336,Knox
Big Sandy Community Health Center,246 Ky Route 979,Harold,KY,41635-9046,Floyd
"BIG SANDY HEALTH CARE, INC.",1709 Ky Route 321,Prestonsburg,KY,41653,Floyd
BSHC Mobile Dental Unit #1,Highway 645,Inez,KY,41224,Martin
Duff-Allen Central Elementary School,183 Rebel Rd,Eastern,KY,41622-6503,Floyd
Eden Elementary School,212 Elementary Dr,Inez,KY,41224-8769,Martin
Eula Hall Health Center,7629 Ky Route 979,Grethel,KY,41631-6304,Floyd
Freeburn Community Health Center,136 Park Rd,Freeburn,KY,41528-8718,Pike
Hope Family Health Services,214 Beriah Blvd,Salyersville,KY,41465-7509,Magoffin
Hope Family Health Services-Pediatrics,194 Beriah Blvd,Salyersville,KY,41465-7509,Magoffin
HOPE FAMILY MEDICAL CENTER,940 Parkway Dr,Salyersville,KY,41465-9251,Magoffin
Inez Elementary School,5000 Elementary Dr,Inez,KY,41224-9538,Martin
Martin County Community Health Center,Highway 645,Inez,KY,41224,Martin
Martin County High School,137 Holly Bush Dr,Inez,KY,41224-9163,Martin
Martin County Middle School,130 Middle School Dr,Warfield,KY,41267-8300,Martin
PHYSICIANS FOR WOMEN AND FAMILIES,23 Willow Dr,Auxier,KY,41602,Floyd
Pikeville Community Health Center,50 Weddington Branch Rd STE B,Pikeville,KY,41501-3296,Pike
SHELBY VALLEY CLINIC,178 Douglas Pkwy,Pikeville,KY,41501-6970,Pike
South Floyd Elementary School,299 Mt Raider Dr,Hi Hat,KY,41636,Floyd
Warfield Elementary School,33 Warfield Elementary Loop,Warfield,KY,41267,Martin
FAIRVIEW COMMUNITY HEALTH CENTER,225 Natchez Trace Ave,Bowling Green,KY,42103-7995,Warren
Clover Fork Evarts,101 Chad St,Evarts,KY,40828,Harlan
Clover Fork Harlan,209 E Mound St,Harlan,KY,40831-2321,Harlan
Clover Fork School Based Health at Black Mount...,1555 Highway 215,Evarts,KY,40828-6522,Harlan
Clover Fork School Based Health at Cawood Elem...,51 Nola St,Cawood,KY,40815-5251,Harlan
Clover Fork School Based Health at Cumberland ...,322 Golf Course Rd,Cumberland,KY,40823-1908,Harlan
Clover Fork School Based Health at Evarts Elem...,132 Keister St,Evarts,KY,40828-5908,Harlan
Clover Fork School Based Health at Harlan Coun...,4000 N US Highway 119,Baxter,KY,40806-8337,Harlan
Clover Fork School Based Health at Harlan Inde...,420 E Central St,Harlan,KY,40831-2372,Harlan
Clover Fork School Based Health at Tri City He...,119 Central St,Cumberland,KY,40823-1607,Harlan
Clover Fork School Based Health at Verda Heads...,54 School House Rd,Evarts,KY,40828-6480,Harlan
CORBIN FAMILY HEALTH CENTER,140 Bryan Blvd,Corbin,KY,40701-2775,Whitley
"CORBIN PEDIATRIC ASSOCIATES, PSC",57 Summit Dr,Corbin,KY,40701-2746,Whitley
FAMILY HEALTH CARE ASSOCIATES,1927 S US Highway 25E,Barbourville,KY,40906-7600,Knox
FAMILY HEALTH CENTER - AMERICANA,4805 Southside Dr,Louisville,KY,40214-2111,Jefferson
Family Health Center - Americana Annex,4803 Southside Dr,Louisville,KY,40214-2111,Jefferson
FAMILY HEALTH CENTER - FAIRDALE,1000 Neighborhood Pl,Fairdale,KY,40118-9697,Jefferson
FAMILY HEALTH CENTER - IROQUOIS,4100 Taylor Blvd,Louisville,KY,40215-2342,Jefferson
Family Health Center - Revenue Central,9200 Shelbyville Rd,Louisville,KY,40222-5144,Jefferson
Family Health Center-East Broadway,834 E Broadway,Louisville,KY,40204-1072,Jefferson
Family Health Centers - West Market,2500 W Market St,Louisville,KY,40212-1541,Jefferson
"FAMILY HEALTH CENTERS, INC. - FAMILY HEALTH CE...",2215 Portland Ave,Louisville,KY,40212-1033,Jefferson
"Family Health Centers, Inc. - Wayside Hotel Lo...",120 W Broadway,Louisville,KY,40202-2110,Jefferson
Mobile Medical Unit - HCH Project,2215 Portland Ave,Louisville,KY,40212-1033,Jefferson
PHOENIX HEALTH CENTER FOR THE HOMELESS,712 E Muhammad Ali Blvd,Louisville,KY,40202-1643,Jefferson
Temporary Site-Salvation Army Joy Center,6306 Kenjoy Dr,Louisville,KY,40214-2927,Jefferson
FREEMAN FAMILY PRACTICE,10755 N US Highway 25E,Gray,KY,40734-6529,Knox
Corbin Educational Center SBHC,901 S Main St,Corbin,KY,40701-1805,Whitley
GCHC SBHC Dewitt Elem,138 Ky 718,Flat Lick,KY,40935-6129,Knox
GCHC SBHC Girdler Elementary,5452 N Ky 11,Girdler,KY,40943-6447,Knox
GCHC SBHC Lynn Camp Elementary,366 N Ky 830,Corbin,KY,40701-6132,Knox
GCHC- Appalachian Children's Home,1909 Ky 3439,Barbourville,KY,40906-7201,Knox
Grace CHC Bishop Street,121 Bishop St,Corbin,KY,40701-1702,Whitley
Grace CHC Falls Highway,1419 Cumberland Falls Hwy,Corbin,KY,40701-2722,Whitley
Grace CHC Hayes Lewis Elementary School Based ...,KY-699,Yeaddiss,KY,41777,Leslie
Grace CHC Mountain View Elementary School,170 Bears Trl,Hyden,KY,41749-8488,Leslie
Grace CHC Pineville,313 S Cherry St,Pineville,KY,40977-1724,Bell
Grace CHC SBH Bell Central School,9821 US Highway 25 E,Pineville,KY,40977-8581,Bell
Grace CHC SBH Bell County High School,9824 US Highway 25 E,Pineville,KY,40977-8581,Bell
Grace CHC SBH Corbin Elementary,710 W 8th St,Corbin,KY,40701-2106,Whitley
Grace CHC SBH Corbin High School,1901 Snyder St,Corbin,KY,40701-2451,Whitley
Grace CHC SBH Corbin Intermediate,404 17th St,Corbin,KY,40701-1922,Whitley
Grace CHC SBH Corbin Preschool,614 Master St,Corbin,KY,40701-1058,Knox
Grace CHC SBH Corbin Primary,3551 5th Street Rd,Corbin,KY,40701-9650,Whitley
Grace CHC SBH Frakes School,Henderson Settlement Loop,Frakes,KY,40940,Bell
Grace CHC SBH Lone Jack School,Creech Holw Rd,Pineville,KY,40977,Bell
Grace CHC SBH Page School,239 Page School Rd,Pineville,KY,40977-8775,Bell
Grace CHC SBH Right Fork School,5296 Highway 221,Stoney Fork,KY,40988-8930,Bell
Grace CHC SBH Stinnett Elementary School,12975 Highway 421,Hoskinston,KY,40844,Leslie
Grace CHC SBH W.B. Muncy Elementary,142 Pirate Dr,Wooton,KY,41776-8889,Leslie
Grace CHC SBH Yellow Creek School,4840 W Cumberland Ave,Middlesboro,KY,40965-9078,Bell
Grace Community Health Center Administrative O...,1019 Cumberland Falls Hwy STE B201,Corbin,KY,40701-2793,Whitley
"Grace Community Health Center, Inc",39 Cumberland Gap Plz,Gray,KY,40734-4536,Knox
"Grace Community Health Center, Inc. - Hyden",21154 Highway 421,Hyden,KY,41749,Leslie
Grace Health Corbin Pediatrics,57 Summit Dr,Corbin,KY,40701-2746,Whitley
Grace Health Levi Center Clinic,934 S Laurel Rd STE 1,London,KY,40744-8303,Laurel
Grace Health Manchester,85 Highway 80,Manchester,KY,40962-8801,Clay
Grace Health Medical Campus,14662 N US Highway 25 E,Corbin,KY,40701-6425,Knox
Grace Health Mountain View,272 London Mountain View Dr,London,KY,40741-6601,Laurel
Grace Health Pediatrics,120 N Commonwealth Ave STE 1,Corbin,KY,40701-6472,Knox
Grace Health SBHC Hayes Lewis Elementary,10130 Cutshin Rd,Yeaddiss,KY,41777-8611,Leslie
Grace Health SBHC Pineville Independent School,401 W Virginia Ave,Pineville,KY,40977-1321,Bell
Grace Health UC Clinic,49 W Sycamore St,Williamsburg,KY,40769-1739,Whitley
Grace Health Women's Care,1019 Cumberland Falls Hwy STE D141,Corbin,KY,40701-2796,Whitley
Grace SBH Corbin Middle School,50 Ed Mcneel Dr,Corbin,KY,40701-1873,Knox
Grace SBHC Central Elem,1000 Ky 3439,Barbourville,KY,40906-7200,Knox
Grace SBHC Corbin School of Innovation,200 W 8th St,Corbin,KY,40701-1900,Whitley
Grace SBHC Flat Lick Elem,100 Ky 3085,Flat Lick,KY,40935-6461,Knox
Grace SBHC GR Hampton Elem,60 Ky 3441,Barbourville,KY,40906-8095,Knox
Grace SBHC Jesse D. Lay Elem,220 N Allison Ave,Barbourville,KY,40906-1337,Knox
Grace SBHC Knox Central High School,100 Panther Way,Barbourville,KY,40906-8038,Knox
Grace SBHC Knox Co Middle,311 N Main St,Barbourville,KY,40906-1445,Knox
Grace SBHC Leslie Co High School,25 Eagle Ln,Hyden,KY,41749-8626,Leslie
Grace SBHC Lynn Camp Middle/High School,100 N Ky 830,Corbin,KY,40701-6132,Knox
Grace SBHC Middlesboro Elementary School,3400 Cumberland Ave,Middlesboro,KY,40965-2610,Bell
Grace SBHC Middlesboro High School,4404 W Cumberland Ave,Middlesboro,KY,40965-2626,Bell
Grace SBHC Middlesboro Middle School,4400 W Cumberland Ave,Middlesboro,KY,40965-2626,Bell
Knox County Area Technology Center,210 Wall St,Barbourville,KY,40906-1450,Knox
Berea Community School,1 Pirate Pkwy,Berea,KY,40403-1541,Madison
Berea Primary Care Clinic,305 Estill St,Berea,KY,40403-1742,Madison
White House Clinic - Berea,104 Legacy Dr,Berea,KY,40403-9594,Madison
White House Clinic - Irvine,30 Stacy Lane Rd,Irvine,KY,40336-7356,Estill
White House Clinic - Lancaster,89 Farra Dr,Lancaster,KY,40444-9598,Garrard
White House Clinic - McKee,1010 Main St S,Mc Kee,KY,40447,Jackson
White House Clinic - Mt. Vernon,Progress Dr,Mount Vernon,KY,40456,Rockcastle
White House Clinic - Richmond,401 Highland Park Dr,Richmond,KY,40475-3839,Madison
White House Clinics - Lancaster,103 Southern Ave,Lancaster,KY,40444,Garrard
453 Southland Drive,453 Southland Dr,Lexington,KY,40503-1826,Fayette
Arlington Elementary HealthFirst Bluegrass Sch...,122 Arceme Ave,Lexington,KY,40505-3502,Fayette
Booker T. Washington HealthFirst Bluegrass Sch...,707 Howard St,Lexington,KY,40508-1075,Fayette
Breckenridge Elementary HealthFirst Bluegrass ...,2101 Saint Mathilda Dr,Lexington,KY,40502-1127,Fayette
Cardinal Valley HealthFirst Bluegrass School C...,218 Mandalay Rd,Lexington,KY,40504-1333,Fayette
Harrison Elementary HealthFirst Bluegrass Scho...,161 Bruce St,Lexington,KY,40507-1239,Fayette
HealthFirst Bluegrass Bryan Station,1640 Bryan Station Rd,Lexington,KY,40505-2144,Fayette
HealthFirst Bluegrass Goodwin,1060 Goodwin Dr STE 110,Lexington,KY,40505-3824,Fayette
HealthFirst Bluegrass Health Care for Homeless...,360 W Loudon Ave,Lexington,KY,40508-3729,Fayette
HealthFirst Bluegrass MET.,576 E Third St STE 170,Lexington,KY,40508-2251,Fayette
HealthFirst Bluegrass Mobile 1 Dental Clinic,496 Southland Dr,Lexington,KY,40503-1827,Fayette
HealthFirst Bluegrass Newtown- Dental,650 Newtown Pike,Lexington,KY,40508-1113,Fayette
HealthFirst Bluegrass Southland,496 Southland Dr,Lexington,KY,40503-1827,Fayette
HealthFirst Harrodsburg,1401 Harrodsburg Rd STE B165,Lexington,KY,40504-1726,Fayette
Lexington Traditional Magnet HealthFirst Blueg...,350 N Limestone,Lexington,KY,40508-1871,Fayette
Mary Todd Elementary HealthFirst Bluegrass Sch...,551 Parkside Dr,Lexington,KY,40505-1726,Fayette
Tates Creek Elementary HealthFirst Bluegrass S...,1113 Centre Pkwy,Lexington,KY,40517-3208,Fayette
Tates Creek High School HealthFirst Bluegrass ...,1111 Centre Pkwy,Lexington,KY,40517-3208,Fayette
William Wells Brown HealthFirst Bluegrass Scho...,555 E Fifth St,Lexington,KY,40508-1541,Fayette
6th District Elementary School,1901 Maryland Ave,Covington,KY,41014-1442,Kenton
9th District Elementary,2800 Indiana Ave,Covington,KY,41015-1029,Kenton
Brookside Elementary,199 Brookside Dr,Nicholasville,KY,40356-1040,Jessamine
Dorothy Howell Elementary School,459 Buckner St,Elsmere,KY,41018-2303,Kenton
East Jessamine Middle School,901 Union Mill Rd,Nicholasville,KY,40356-7002,Jessamine
Glenn O. Swing Elementary,501 W 19th St,Covington,KY,41014-1141,Kenton
HealthPoint Covington Center,1401 Madison Ave,Covington,KY,41011-3313,Kenton
HealthPoint Florence,7607 Dixie Hwy,Florence,KY,41042-2644,Boone
HealthPoint Newport,215 E 11th St,Newport,KY,41071-2203,Campbell
HealthPoint Nicholasville,101 Orchard Dr,Nicholasville,KY,40356-2690,Jessamine
HealthPoint Nicholasville CHI Campus,1250 Keene Rd,Nicholasville,KY,40356-7600,Jessamine
Holmes Middle School,2500 Madison Ave,Covington,KY,41014-1658,Kenton
James E. Biggs ECE Center,1124 Scott St,Covington,KY,41011-3168,Kenton
Jessamine Early Learning Village,851 Wilmore Rd,Nicholasville,KY,40356-9462,Jessamine
JOHN G. CARLISLE ELEMENTARY SBHC,910 Holman Ave,Covington,KY,41011-3013,Kenton
Latonia Elementary,3901 Huntington Ave,Covington,KY,41015-1645,Kenton
Lincoln Elementary School,701 5th Ave,Dayton,KY,41074-1301,Campbell
Lindeman Elementary School,558 Erlanger Rd,Erlanger,KY,41018-1305,Kenton
Lloyd High School,450 Bartlett Ave BLDG,Erlanger,KY,41018-1686,Kenton
Ludlow High School,515 Elm St,Ludlow,KY,41016-1304,Kenton
Miles Elementary School,208 Sunset Ave,Erlanger,KY,41018-1526,Kenton
Nicholasville Elementary,414 W Maple St,Nicholasville,KY,40356-1264,Jessamine
Red Oak Elementary,921 Union Mill Rd,Nicholasville,KY,40356-7002,Jessamine
Tichenor Middle School,305 Bartlett Ave,Erlanger,KY,41018-1678,Kenton
Transformational Learning Center (TLC),200 Home Rd,Covington,KY,41011-1942,Kenton
Transitions,313 Madison Pike,Erlanger,KY,41017-9413,Kenton
West Jessamine Middle School,1400 Wilmore Rd,Nicholasville,KY,40356-8932,Jessamine
HO PHYSICIANS SERVICES CORPORATION,841 S Highway 25 W,Williamsburg,KY,40769-1930,Whitley
Kentucky Mountain Health Alliance Inc.,279 E Main St,Hazard,KY,41701-1973,Perry
Little Flower Clinic,279 E Main St,Hazard,KY,41701-1920,Perry
"Quantum Healthcare Associates, Inc.",210 Black Gold Blvd,Hazard,KY,41701-2603,Perry
Foothills Health & Wellness Center,108 12th St,Clay City,KY,40312-8979,Powell
Foothills Health and Wellness Center Administr...,212 10th Ave,Clay City,KY,40312-8964,Powell
Kentucky River Foothills,100 Tyler Ln,Irvine,KY,40336-8827,Estill
"KENTUCKY RIVER FOOTHILLS DEVELOPMENT COUNCIL, ...",309 Spangler Dr,Richmond,KY,40475-2457,Madison
Ashland Family Health Center,432 16th St,Ashland,KY,41101-7693,Boyd
Bracken County Family Health Center,1551 Augusta Chatham Rd,Augusta,KY,41002-9224,Bracken
Bracken County School- based Center,106 Powell St,Brooksville,KY,41004,Bracken
ELEANOR JOHNSON'S WOMENS CENTER,211 Ky 59 BLDG C,Vanceburg,KY,41179-7647,Lewis
FLEMINGBURG COUNTY FAMILY H.C,520 Elizaville Ave,Flemingsburg,KY,41041-1141,Fleming
LEWIS CO FAMILY DENTAL CLINIC,211 Ky 59 BLDG D,Vanceburg,KY,41179-7647,Lewis
"LEWIS COUNTY PRIMARY CARE CENTER, INC.",211 Ky 59 BLDG A,Vanceburg,KY,41179-7647,Lewis
Maysville OB/GYN Family Health Center,910 Kenton Station Dr,Maysville,KY,41056-9613,Mason
MAYSVILLE OB/GYN FAMILY HLTH,927 Kenton Station Dr,Maysville,KY,41056-9617,Mason
PrimaryPlus - Denham Clinic,525 Tucker Dr,Maysville,KY,41056-9182,Mason
PrimaryPlus - Grayson,645 Interstate Dr,Grayson,KY,41143,Carter
PrimaryPlus - Kid Care,1350 Medical Park Dr,Maysville,KY,41056-9615,Mason
PrimaryPlus - Morehead,2300 KY-801,Morehead,KY,40351,Rowan
Robertson County Family Health Center,45 Mcdowell St,Mount Olivet,KY,41064-3200,Robertson
South Shore Family Health Center,142 Depot Dr,South Shore,KY,41175-9306,Greenup
Tollesboro Family Health Center & Clinic Pharmacy,17521 W Ky 9,Tollesboro,KY,41189-8243,Lewis
MADISON FAMILY CLINIC,"2161 Lexington Rd, Ste 1",Richmond,KY,40475-7952,Madison
MEMORIAL HOSPITAL RED BIRD CLINIC,53 Queendale Ctr,Beverly,KY,40913-9608,Clay
HomePlace Clinic - Ashland,2222 Winchester Ave,Ashland,KY,41101-7847,Boyd
HomePlace Clinic - Belfry,26229 US Highway 119 N,Belfry,KY,41514-7416,Pike
HomePlace Clinic - Cynthiana,210 S Walnut St,Cynthiana,KY,41031-1541,Harrison
HomePlace Clinic - Dorton,29 Cabin Frk,Jenkins,KY,41537-8171,Pike
HomePlace Clinic - Grayson,129 Fraley Miller Plz,Grayson,KY,41143-1366,Carter
HomePlace Clinic - Inez,428 E Main St,Inez,KY,41224-8931,Martin
HomePlace Clinic - Louisa,130 Town Hill Rd,Louisa,KY,41230-6389,Lawrence
HomePlace Clinic - Martin,263 Ky Route 122,Martin,KY,41649-9006,Floyd
HomePlace Clinic - Mobile Medical Unit,838 S Mayo Trl,Paintsville,KY,41240-1384,Johnson
HomePlace Clinic - Paintsville,1110 S Mayo Trl STE A,Paintsville,KY,41240-1273,Johnson
HomePlace Clinic - Paintsville,838 S Mayo Trl,Paintsville,KY,41240-1384,Johnson
HomePlace Clinic - Pikeville,118 River Dr,Pikeville,KY,41501-1597,Pike
HomePlace Clinic - Prestonsburg,104 S Front Ave,Prestonsburg,KY,41653-1614,Floyd
HomePlace Clinic - Winchester,123 S Main St,Winchester,KY,40391-2621,Clark
HomePlace Clinic for Children and Families,1330 S Mayo Trl STE 201,Pikeville,KY,41501-2321,Pike
HomePlace OB/GYN,22 Harbor Ln,Prestonsburg,KY,41653-9176,Floyd
CHCs OF WESTERN KENTUCKY PEDIATRIC AND ADOLESC...,504 Hopkinsville St,Greenville,KY,42345-1104,Muhlenberg
"CHCS OF WESTERN KENTUCKY, INC.",480 Hopkinsville St,Greenville,KY,42345-1124,Muhlenberg
CHCWK - Todd County Site,10220 Dixie Beeline Hwy,Guthrie,KY,42234-9310,Todd
Logan County Community Health Center,1497 Nashville Rd,Russellville,KY,42276-8970,Logan
WOMAN'S HEALTH CENTER,226 Hopkinsville St,Greenville,KY,42345-1214,Muhlenberg
Buechel/Newburg Community Health Center,3828 Bardstown Rd,Louisville,KY,40218-1527,Jefferson
Henry County Community Health Center,75 Park Rd,New Castle,KY,40050,Henry
Henry County Community Health Center,500 W Broadway St,Eminence,KY,40019-1201,Henry
Park DuValle at Central Health Center,1130 W Chestnut St,Louisville,KY,40203-2047,Jefferson
Park DuValle at Pleasure Ridge Park Health Center,5901 Greenwood Rd,Louisville,KY,40258-2409,Jefferson
"Park DuValle Community Health Center, Inc.",3015 Wilson Ave,Louisville,KY,40211-1969,Jefferson
Park DuValle Mobile Dentistry Van,3015 Wilson Ave,Louisville,KY,40211-1969,Jefferson
Taylorsville Community Health Center,501 Taylorsville Rd,Taylorsville,KY,40071-6766,Spencer
The Russell Neighborhood Health Center,1425 W Broadway,Louisville,KY,40203-2085,Jefferson
SCHC Dental Clinic,222 Amy Ave,Louisville,KY,40212-2522,Jefferson
"Shawnee Christian Healthcare Center, Inc.",234 Amy Ave,Louisville,KY,40212-2522,Jefferson
The Wellness Center @ Atkinson Elementary,2811 Duncan St,Louisville,KY,40212-1825,Jefferson
The Wellness Center @ Byck Elementary,2328 Cedar St,Louisville,KY,40212-1625,Jefferson
The Wellness Center @ Dawson Orman,900 S Floyd St,Louisville,KY,40203-2331,Jefferson
The Wellness Center @ Duvalle Education Center,3610 Bohne Ave,Louisville,KY,40211-2376,Jefferson
The Wellness Center @ Hazelwood Elementary,1325 Bluegrass Ave,Louisville,KY,40215-1201,Jefferson
The Wellness Center @ Maupin Elementary,1312 Catalpa St,Louisville,KY,40211-1731,Jefferson
The Wellness Center @ McFerran Elementary,1900 S 7th St,Louisville,KY,40208-1606,Jefferson
The Wellness Center @ Shawnee,4001 Herman St,Louisville,KY,40212-2588,Jefferson
The Wellness Center @ Wheatley Elementary,1107 S 17th St,Louisville,KY,40210-2432,Jefferson
The Wellness Center @ Young Elementary,3526 W Muhammad Ali Blvd,Louisville,KY,40212-2426,Jefferson
120 Progress Way,120 Progress Way,Owenton,KY,40359-6032,Owen
Carroll County Alternative Learning Center,519 Park Ave,Carrollton,KY,41008-8301,Carroll
Carroll County Behavioral Health,329 Floyd Dr STE E,Carrollton,KY,41008-8261,Carroll
Carroll County Early Childhood Development Center,619 9th St,Carrollton,KY,41008-1417,Carroll
Carroll County High School,1706 Highland Ave,Carrollton,KY,41008-8775,Carroll
Carroll County Middle School,408 5th St,Carrollton,KY,41008-1202,Carroll
Carroll County Upstairs Primary,329 Floyd Dr STE D,Carrollton,KY,41008-8261,Carroll
Carroll Floyd Dr,329 Floyd Dr STE A,Carrollton,KY,41008-8261,Carroll
Cartmell Elementary School,1708 Highland Ave,Carrollton,KY,41008-8775,Carroll
Gallatin Co Middle School,88 Pawprint Path,Warsaw,KY,41095-9376,Gallatin
Gallatin County High School,70 Wildcat Cir,Warsaw,KY,41095-9378,Gallatin
Gallatin County Lower Elemetary,25 Boaz Dr,Warsaw,KY,41095-9510,Gallatin
Gallatin County Upper Elementary,50 Pawprint Path,Warsaw,KY,41095-9376,Gallatin
Gallatin Scheduling Center,107 E High St,Warsaw,KY,41095-2074,Gallatin
Kathryn Winn Elementary School,907 Hawkins St,Carrollton,KY,41008-1442,Carroll
Maurice Bowling Middle School,2380 Highway 22 E,Owenton,KY,40359,Owen
New Owen,327 N Main St,Owenton,KY,40359-1409,Owen
Owen County Dental,409 Roland Ave STE A,Owenton,KY,40359-1401,Owen
Owen County Elementary School,1960 Highway 22 E,Owenton,KY,40359-9044,Owen
Owen County High School,2060 Highway 22 E,Owenton,KY,40359-9115,Owen
Owen Primary,1925 Highway 22 E,Owenton,KY,40359-9044,Owen
TRIAD HEALTH SYSTEMS CHC,441 US Highway 42 W,Warsaw,KY,41095-7513,Gallatin
Triad Health Systems-Owen County,1005 Highway 22 E,Owenton,KY,40359-9041,Owen
Administrative Office,38 College Dr,Whitesburg,KY,41858-7745,Letcher
Arlie Boggs Elementary School Based Clinic,1099 Highway 806,Eolia,KY,40826-6554,Letcher
Buckhorn Medical Clinic,72 Buckhorn Clinic Rd,Buckhorn,KY,41721-8936,Perry
Burdine Campus School Based Clinic,11497 Highway 805,Jenkins,KY,41537-7800,Letcher
Cowan Elementary School Based Clinic,3125 Highway 931 S,Whitesburg,KY,41858-8966,Letcher
Cumberland Medical/Dental Clinic,1620 E Main St,Cumberland,KY,40823-1837,Harlan
Elkhorn City Medical Clinic,115 W Russell St,Elkhorn City,KY,41522-9023,Pike
Fleming Neon Middle School Based Clinic,50 2nd St,Neon,KY,41840-8994,Letcher
Harlan Medical Center,132 Village Center Rd,Harlan,KY,40831-1777,Harlan
Isom Medical Clinic,105 Isom Plz,Jeremiah,KY,41826,Letcher
Jenkins Middle High School Based Clinic,269 Highway 3086,Jenkins,KY,41537-9204,Letcher
Knott County Dental Clinic,1970 Highway 160 S,Hindman,KY,41822-9045,Knott
Knott County Medical Clinic,70 Holly Hills Mall Rd,Hindman,KY,41822-9121,Knott
Leatherwood/Blackey Medical Clinic,464 Ky Highway 699,Cornettsville,KY,41731-8749,Perry
Letcher County Alternative Education School Ba...,185 Circle Dr STE A,Whitesburg,KY,41858-7662,Letcher
Letcher County Central High School Based Clinic,435 Cougar Dr,Whitesburg,KY,41858-7009,Letcher
Letcher Elementary School Based Clinic,160 Lhs Dr,Letcher,KY,41832-8922,Letcher
Martha Jane Potter Elementary School Based Clinic,55 Kona Dr,Whitesburg,KY,41858-7854,Letcher
MCHC Home Medical,110 Medical Plaza Ln,Whitesburg,KY,41858-7424,Letcher
MCHC Purchasing/Receiving,98 Walnut St,Whitesburg,KY,41858-7742,Letcher
MCHC Whitesburg Annex 1,324 Medical Plaza Ln,Whitesburg,KY,41858-7426,Letcher
Middlesboro Campus Clinic,1540 US Highway 25 E,Middlesboro,KY,40965-1861,Bell
Mountain Comprehensive Health Corporation,10 E Main St,Whitesburg,KY,41858-7346,Letcher
Owsley County Medical Clinic,826 Ky 11 N,Booneville,KY,41314-9155,Owsley
Pineville Medical Clinic,251 S Pine St,Pineville,KY,40977-1646,Bell
West Whitesburg Elementary School Based Clinic,330 Parks St,Whitesburg,KY,41858-7539,Letcher
Whitesburg Medical/Dental Clinic,226 Medical Plaza Ln,Whitesburg,KY,41858-7425,Letcher
Whitesburg Middle School Based Clinic,366 Parks St,Whitesburg,KY,41858-7539,Letcher
PHYSICIAN SERVICES OF MEMORIAL HOSPITAL,94 Marie Langdon Dr STE 4,Manchester,KY,40962-6345,Clay
ROCKCASTLE PEDIATRICS & ADOLESCENTS,140 Newcomb Ave STE C,Mount Vernon,KY,40456-2726,Rockcastle
THE MEDICAL CENTER AT SCOTTSVILLE,466 Burnley Rd,Scottsville,KY,42164-6355,Allen
MARION PHYSICIANS CLINIC,308 S Main St,Marion,KY,42064-1545,Crittenden
AARON K JONAN MEMORIAL CLINIC,832 Highway 15 N,Jackson,KY,41339-8284,Breathitt
Juniper Health Administration,125 Main St,Beattyville,KY,41311-7484,Lee
Juniper Health Administration #2,100 E Main St,Beattyville,KY,41311-9248,Lee
Juniper Health Administration #3,235 Highway 15 N,Jackson,KY,41339-9632,Breathitt
Juniper Health Administration #4,1217 W Main St,West Liberty,KY,41472-2161,Morgan
Juniper Health Administration #5,726 Highway 15 N,Jackson,KY,41339-8601,Breathitt
Juniper Health Breathitt County,1484 Lakeside Dr,Jackson,KY,41339,Breathitt
Juniper Health Elliott County,308 N Ky 7,Sandy Hook,KY,41171-9137,Elliott
Juniper Health Lee County,1025 Grand Ave,Beattyville,KY,41311,Lee
Juniper Health Lee County Dental,60 Center St,Beattyville,KY,41311-9085,Lee
Juniper Health Mobile Service Unit,1484 Lakeside Dr,Jackson,KY,41339,Breathitt
Juniper Health Morgan County,905 Main St,West Liberty,KY,41472-1023,Morgan
Juniper Health Morgan County,1219 W Main St,West Liberty,KY,41472-2161,Morgan
Juniper Health Morgan County Dental,672 Main St,West Liberty,KY,41472-1018,Morgan
Juniper Health Wolfe County,202 Plummer St,Campton,KY,41301-9381,Wolfe
"JUNIPER HEALTH, INC.",141 Main St,Beattyville,KY,41311-7484,Lee
SALYERSVILLE MEDICAL CENTER,601 E Maple St,Salyersville,KY,41465-9470,Magoffin
"Community Medical Clinic, Hopkinsville",1102 S Virginia St,Hopkinsville,KY,42240-3579,Christian
"Community Medical Clinic, Oak Grove",244 Thompsonville Ln,Oak Grove,KY,42262-8250,Christian
"Community Medical Clinic, Princeton",310 Hawthorne St,Princeton,KY,42445-1622,Caldwell
"Pennyroyal Healthcare Services, Inc., Administ...",402 N Jefferson St,Princeton,KY,42445-1553,Caldwell
SMITHLAND MEDICAL CLINIC,205 E Adair St,Smithland,KY,42081-9164,Livingston
A Plus Family HealthCare Administrative Office,210 S Main St STE 105,Brownsville,KY,42210-9001,Edmonson
A Plus Family Healthcare-Brownsville,210 S Main St STE 101,Brownsville,KY,42210-9001,Edmonson
A Plus Family HealthCare-Sonora,12080 S Dixie Hwy,Sonora,KY,42776-9739,Larue
Edmonson County 5/6 Center,191 W Center St,Brownsville,KY,42210-8500,Edmonson
Edmonson County High School,210 Wild Cat Way,Brownsville,KY,42210,Edmonson
Edmonson County Middle School,220 Wild Cat Way,Brownsville,KY,42210-9032,Edmonson
Kyrock Elementary School,5720 KY-259,Sweeden,KY,42285-7106,Edmonson
South Edmonson Elementary,1058 Chalybeate School Rd,Smiths Grove,KY,42171-7245,Edmonson
SPRING VIEW CLINIC,79 Bobolink Dr,Springfield,KY,40069-1516,Washington
Dayspring Dental,640 W Highway 92,Williamsburg,KY,40769-1936,Whitley
Dayspring Regional Health Center,965 S Highway 25 W,Williamsburg,KY,40769-1608,Whitley
Dayspring Williamsburg,402 Cumberland Ave,Williamsburg,KY,40769-1238,Whitley
Dayspring Williamsburg Independent School,1000 Main St,Williamsburg,KY,40769-1000,Whitley
FAMILY MEDICAL CENTER OF HART COUNTY,117 W South St,Munfordville,KY,42765-9084,Hart
PEDIATRIC ASSOCIATES OF PIKEVILLE,156 Island Creek Rd,Pikeville,KY,41501-9340,Pike
Bluegrass Community Health Center - Eagle Creek,131 N Eagle Creek Dr,Lexington,KY,40509-1806,Fayette
Bluegrass Community Health Center - Mobile Unit 1,131 N Eagle Creek Dr,Lexington,KY,40509-1806,Fayette
Bluegrass Community Health Center - Mobile Van,1600 W Lexington Ave,Winchester,KY,40391-1145,Clark
Bluegrass Community Health Center- Clark Count...,100 Vaught Rd,Winchester,KY,40391-2479,Clark
DBA Bluegrass Community Health Center,224 N Martin Luther King Blvd STE 200,Lexington,KY,40507-2133,Fayette
DBA Bluegrass Community Health Center,1306 Versailles Rd STE 120,Lexington,KY,40504-1795,Fayette
BRYANT FAMILY MEDICINE,2932 N Highway 25 W,Williamsburg,KY,40769-8633,Whitley
BLOUNT RURAL HEALTH CENTER,810 S Main St,Elkton,KY,42220-8812,Todd
Administrative Services,214 E Main St,Providence,KY,42450-1244,Webster
Administrative Services,121 E Main St,Providence,KY,42450-1268,Webster
Administrative Services.,120 Lineberry Dr,Providence,KY,42450-1275,Webster
"Regional Health  Care Affiliates, Inc. dba. He...",2816 Veach Rd STE 205,Owensboro,KY,42303-6299,Daviess
"Regional Health Care Affiliates, Inc dba. Heal...",1100 S Jefferson St,Princeton,KY,42445-2379,Caldwell
"Regional Health Care Affiliates, Inc.  dba. He...",295 Main St,Calhoun,KY,42327-2104,McLean
"Regional Health Care Affiliates, Inc. dba Heal...",220 N Morgan St,Morganfield,KY,42437-1412,Union
"Regional Health Care Affiliates, Inc. dba. Hea...",9086 State Route 132 W,Clay,KY,42404-2172,Webster
"Regional Health Care Affiliates, Inc. dba. Hea...",107 E Main St,Earlington,KY,42410-1333,Hopkins
"Regional Health Care Affiliates, Inc. dba. Hea...",215 E Main St,Providence,KY,42450-1261,Webster
"Regional Health Care Affiliates, Inc. dba. Hea...",700 Martin Luther King Jr Ave,Henderson,KY,42420-3663,Henderson
TRIGG COUNTY PRIMARY CARE CENTER,214 Main St,Cadiz,KY,42211-9153,Trigg
"SCIENCE HILL FAMILY CARE, LLC",5775 N Highway 27 STE 6,Science Hill,KY,42553-9140,Pulaski
BIG CREEK ARH CLINIC,17644 S Highway 421,Big Creek,KY,40914-8713,Clay
BEECH FORK ARH CLINIC,805 Middle Fork Rd,Warbranch,KY,40874,Leslie
Abraham Lincoln Healthy Kids Clinic,2101 Lincoln Farm Rd,Hodgenville,KY,42748-9704,Larue
Adair County Elementary Healthy Kids Clinic,870 Indian Dr,Columbia,KY,42728-1813,Adair
Adair County High Healthy Kids Clinic,526 Indian Dr,Columbia,KY,42728-1879,Adair
Adair County Middle Healthy Kids Clinic,322 General John Adair Dr,Columbia,KY,42728-1878,Adair
Adair County Primary Healthy Kids Clinic,158 Col Casey Dr,Columbia,KY,42728-5319,Adair
Adair Family Medical Center,937 Campbellsville Rd,Columbia,KY,42728-2265,Adair
Albany Family Medical Center,127 Foothills Ave,Albany,KY,42602-1037,Clinton
Albany Healthy Kids Clinic,819 3rd St,Albany,KY,42602-1635,Clinton
Alvaton Elementary Healthy Kids Clinic,6350 Old Scottsville Rd,Alvaton,KY,42122-9767,Warren
Anderson Co. Middle Healthy Kids Clinic,1 Mustang Trl,Lawrenceburg,KY,40342-1576,Anderson
Anderson County High Healthy Kids Clinic,1 Bearcat Dr,Lawrenceburg,KY,40342-1290,Anderson
Austin Tracy Healthy Kids Clinic,2477 Austin Tracy Rd,Lucas,KY,42156-9317,Barren
Bardstown Career and Technology Healthy Kids C...,420 N 5th St,Bardstown,KY,40004-1616,Nelson
Bardstown Early Childhood Healthy Kids Clinic,980 Templin Ave,Bardstown,KY,40004-2508,Nelson
Bardstown Elementary Healthy Kids Clinic,1345 Templin Ave,Bardstown,KY,40004-2523,Nelson
Bardstown High Healthy Kids Clinic,400 N 5th St,Bardstown,KY,40004-1616,Nelson
Bardstown Middle Healthy Kids Clinic,410 N 5th St,Bardstown,KY,40004-1616,Nelson
Bardstown Primary Healthy Kids Clinic,1000 Templin Ave,Bardstown,KY,40004-2568,Nelson
Barren County Healthy Kids Clinic Annex,1309 Roseville Rd,Glasgow,KY,42141-7944,Barren
Barren County High Healthy Kids Clinic,507 Trojan Trl,Glasgow,KY,42141-2214,Barren
Barren County Middle Healthy Kids Clinic,555 Trojan Trl,Glasgow,KY,42141-2214,Barren
Bell Healthy Kids Clinic,278 Kenny Davis Blvd,Monticello,KY,42633-9479,Wayne
Bluegrass Middle Healthy Kids Clinic,170 W A Jenkins Rd,Elizabethtown,KY,42701-8451,Hardin
Bonnieville Healthy Kids Clinic,7874 N Dixie Hwy,Bonnieville,KY,42713-8308,Hart
Briarwood Elementary Healthy Kids Clinic,265 Lovers Ln,Bowling Green,KY,42103-7976,Warren
Bristow Elementary Healthy Kids Clinic,6151 Louisville Rd,Bowling Green,KY,42101-8409,Warren
Calvary Healthy Kids Clinic,3345 Highway 208,Lebanon,KY,40033-9487,Marion
Casey County High Healthy Kids Clinic,1841 E Ky 70,Liberty,KY,42539-6718,Casey
Casey County Middle Healthy Kids Clinic,1673 E Ky 70,Liberty,KY,42539-6716,Casey
Cecilia Valley Healthy Kids Clinic,931 E Main St,Cecilia,KY,42724-7614,Hardin
Central Hardin High Healthy Kids Clinic,3040 Leitchfield Rd,Cecilia,KY,42724-9699,Hardin
Clinton County High Healthy Kids Clinic,65 High School Dr,Albany,KY,42602-8986,Clinton
Clinton County Middle Healthy Kids Clinic,169 Middle School Rd,Albany,KY,42602-7931,Clinton
Clinton Early Childhood Healthy Kids Clinic,204 King Dr,Albany,KY,42602-9630,Clinton
Clinton Family Medical Center,606 Burkesville Rd,Albany,KY,42602-1612,Clinton
College Street Campus Healthy Kids Clinic,304 E College St,Glasgow,KY,42141-2518,Barren
College View Healthy Kids Clinic,521 Charlemagne Blvd,Elizabethtown,KY,42701-3107,Hardin
Crab Orchard Healthy Kids Clinic,137 Lancaster St,Crab Orchard,KY,40419-9628,Lincoln
Creekside Healthy Kids Clinic,151 Horseshoe Bend Rd,Sonora,KY,42776-9329,Hardin
Cub Run Healthy Kids Clinic,170 E Gap Hill Rd,Cub Run,KY,42729-7670,Hart
Cumberland County Elementary Healthy Kids Clinic,150 Glasgow Rd,Burkesville,KY,42717-9695,Cumberland
Cumberland County High Healthy Kids Clinic,912 N Main St,Burkesville,KY,42717-8955,Cumberland
Cumberland County Middle Healthy Kids Clinic,908 N Main St,Burkesville,KY,42717-8955,Cumberland
CUMBERLAND FAMILY MEDICAL CENTER,360 Keen St,Burkesville,KY,42717-7915,Cumberland
Cumberland Family Medical Center Administrativ...,437 Dowell Rd,Russell Springs,KY,42642-4237,Russell
Cumberland Family Medical Center Russell Admin...,404 Steve Dr,Russell Springs,KY,42642-4622,Russell
Cumberland Trace Elementary Healthy Kids Clinic,2461 Cumberland Trace Rd,Bowling Green,KY,42103,Warren
Danville Internal Medicine,478 Whirlaway Dr STE 200,Danville,KY,40422-9037,Boyle
Drakes Creek Middle Healthy Kids Clinic,704 Cypress Wood Ln,Bowling Green,KY,42104-0300,Warren
East Hardin Middle Healthy Kids Clinic,129 College St,Glendale,KY,42740-9798,Hardin
Eastern Healthy Kids Clinic,4601 New Salem Rd,Glasgow,KY,42141-9422,Barren
Elizabethtown High Healthy Kids Clinic,620 N Mulberry St,Elizabethtown,KY,42701-1939,Hardin
Emma B. Ward Healthy Kids Clinic,1150 Bypass N,Lawrenceburg,KY,40342,Anderson
Ezra Sparrow Healthy Kids Clinic,1154 Bypass N,Lawrenceburg,KY,40342-9453,Anderson
Family Care of the Bluegrass-East,593 E Main St,Frankfort,KY,40601-2332,Franklin
Family Care of the Bluegrass-Lawrenceburg,512 Saffell St,Lawrenceburg,KY,40342-1253,Anderson
Family Care of the Bluegrass-West,89 C Michael Davenport Blvd STE 1,Frankfort,KY,40601-4481,Franklin
Family Dental of Somerset,501 College St,Somerset,KY,42501-1352,Pulaski
Family Dental of Whitley City,19 Medical Loop # 3,Whitley City,KY,42653-4382,McCreary
First Choice Immediate Care Center,197 Will Walker Rd,Columbia,KY,42728-7436,Adair
First Choice McCreary,1900 N Highway 27,Whitley City,KY,42653-4119,McCreary
Foothills Academy Healthy Kids Clinic,107 Foothills Academy Spur,Albany,KY,42602-8798,Clinton
Frankfort High Healthy Kids Clinic,328 Shelby St,Frankfort,KY,40601-2859,Franklin
Frankfort Pediatrics,89 C Michael Davenport Blvd STE 2,Frankfort,KY,40601-4481,Franklin
Ft. Logan Healthy Kids Clinic,305 Danville Ave,Stanford,KY,40484-1205,Lincoln
Gamaliel Family Medical Center,102 Rhodes St,Gamaliel,KY,42140-8942,Monroe
GC Burkhead Healthy Kids Clinic,1323 Saint John Rd,Elizabethtown,KY,42701-8745,Hardin
Geo International High Healthy Kids Clinic,1808 Loop St,Bowling Green,KY,42101-3602,Warren
Glasgow High Healthy Kids Clinic,1601 Columbia Ave,Glasgow,KY,42141-3333,Barren
Glasgow Middle Healthy Kids Clinic,105 Scottie Dr,Glasgow,KY,42141-3518,Barren
Glasgow Pediatric Healthcare,301 Professional Park Dr,Glasgow,KY,42141-3487,Barren
Glasgow Pediatric Healthcare Healthy Kids Clinic,303 Professional Park Dr,Glasgow,KY,42141-3487,Barren
Glasgow Preschool Academy Healthy Kids Clinic,629 W Cherry St,Glasgow,KY,42141-1513,Barren
Glasscock Healthy Kids Clinic,773 E Main St,Lebanon,KY,40033-1701,Marion
Green Co. Intermediate Healthy Kids Clinic,401 E Hodgenville Ave,Greensburg,KY,42743-1343,Green
Green County High Healthy Kids Clinic,302 Brummal Ave,Greensburg,KY,42743-1004,Green
Green County Middle Healthy Kids Clinic,106 Brummal Ave,Greensburg,KY,42743-1045,Green
Green County Primary Healthy Kids Clinic,100 Kidz Korner,Greensburg,KY,42743-1433,Green
Greensburg Family Medical,462 Commerce Dr,Greensburg,KY,42743-1402,Green
Greenwood High Healthy Kids Clinic,5065 Scottsville Rd,Bowling Green,KY,42104-7897,Warren
Hardin Early College and Career Center Healthy...,200 University Dr,Elizabethtown,KY,42701-3117,Hardin
Hart County High Healthy Kids Clinic,1014 S Dixie Hwy,Munfordville,KY,42765-9234,Hart
Healthy Kids Clinic-Danville,478 Whirlaway Dr STE 100,Danville,KY,40422-9037,Boyle
Healthy Kids Clinic-Lebanon Pediatrics,311 W High St,Lebanon,KY,40033-1427,Marion
Heartland Healthy Kids Clinic,2300 Nelson Dr,Elizabethtown,KY,42701-5945,Hardin
Helmwood Healthy Kids Clinic,307 Cardinal Dr,Elizabethtown,KY,42701-2713,Hardin
Henry F. Moss Middle Healthy Kids Clinic,2565 Russellville Rd,Bowling Green,KY,42101-3957,Warren
Highland Elementary Healthy Kids Clinic,164 Scottie Dr,Glasgow,KY,42141,Barren
Highland Healthy Kids Clinic,75 Tick Ridge Rd,Waynesburg,KY,40489-8202,Lincoln
Hiseville Healthy Kids Clinic,149 Cardinal Blvd,Cave City,KY,42127,Barren
Hodgenville Healthy Kids Clinic,33 Eagle Ln,Hodgenville,KY,42748-1737,Larue
Huntertown Elementary Healthy Kids Clinic,120 Woodburn Hall Dr,Versailles,KY,40383-9265,Woodford
Hustonville Healthy Kids Clinic,93 College St,Hustonville,KY,40437-9505,Lincoln
James T. Alton Healthy Kids Clinic,100 Country Club Rd,Vine Grove,KY,40175-1169,Hardin
Jamestown Family Medical Center,1417 N Main St,Jamestown,KY,42629-2411,Russell
Jamestown Healthy Kids Clinic,342 S Main St,Jamestown,KY,42629-2199,Russell
Jennings Creek Elementary Healthy Kids Clinic,2617 Russellville Rd,Bowling Green,KY,42101-3926,Warren
Jody Richards Elementary Healthy Kids Clinic,2100 Elrod Rd,Bowling Green,KY,42104-8553,Warren
John Hardin High Healthy Kids Clinic,384 W A Jenkins Rd,Elizabethtown,KY,42701-8496,Hardin
Jones Park Healthy Kids Clinic,6295 E Ky 70,Liberty,KY,42539-6762,Casey
Kids Crew Healthy Kids Clinic,208 College St,Hodgenville,KY,42748-1404,Larue
Lakewood Healthy Kids Clinic,265 Learning Place Ln,Cecilia,KY,42724-9563,Hardin
Larue County High Healthy Kids Clinic,925 S Lincoln Blvd,Hodgenville,KY,42748-1701,Larue
Larue County Middle Healthy Kids Clinic,911 S Lincoln Blvd,Hodgenville,KY,42748-1701,Larue
Lebanon Healthy Kids Clinic,420 W Main St,Lebanon,KY,40033-1363,Marion
LeGrande Healthy Kids Clinic,70 Legrande School Rd,Horse Cave,KY,42749-7714,Hart
Liberty Healthy Kids Clinic,75 College St,Liberty,KY,42539-3271,Casey
Lighthouse and Jackson Academies Healthy Kids ...,877 Jackson St,Bowling Green,KY,42101-5195,Warren
Lincoln County High Healthy Kids Clinic,60 Education Way,Stanford,KY,40484-8411,Lincoln
Lincoln County Middle Healthy Kids Clinic,285 Education Way,Stanford,KY,40484-8411,Lincoln
Lincoln Trail Healthy Kids Clinic,3970 Bardstown Rd,Elizabethtown,KY,42701-9787,Hardin
Lost River Elementary Healthy Kids Clinic,450 Modern Way,Bowling Green,KY,42101-4074,Warren
Marion County High Healthy Kids Clinic,735 E Main St,Lebanon,KY,40033-1701,Marion
Marion County Middle Healthy Kids Clinic,1155 Highway 327,Lebanon,KY,40033-9297,Marion
Marion Knight Academy Healthy Kids Clinic,200 Corporate Dr,Lebanon,KY,40033-1708,Marion
McCreary Central Healthy Kids Clinic,400 Raider Way,Stearns,KY,42647-6110,McCreary
McCreary County Middle Healthy Kids Clinic,180 Raider Way,Stearns,KY,42647-6110,McCreary
Meadow View Healthy Kids Clinic,1255 W Vine St,Radcliff,KY,40160-1941,Hardin
Memorial Healthy Kids Clinic,1400 N Jackson Hwy,Hardyville,KY,42746-8733,Hart
Metcalfe County Elementary Healthy Kids Clinic,703 W Stockton St,Edmonton,KY,42129-9432,Metcalfe
Metcalfe County High Healthy Kids Clinic,208 Randolph St Lot 2,Edmonton,KY,42129-8175,Metcalfe
Metcalfe County Middle Healthy Kids Clinic,208 Randolph St Lot 1,Edmonton,KY,42129-8175,Metcalfe
Monroe Family Medical Center,1515 Edmonton Rd,Tompkinsville,KY,42167-9402,Monroe
Monticello Healthy Kids Clinic,160 Cave St,Monticello,KY,42633-1412,Wayne
Morningside Healthy Kids Clinic,313 Morningside Dr,Elizabethtown,KY,42701-1739,Hardin
Munfordville Healthy Kids Clinic,505 W Union St,Munfordville,KY,42765-8909,Hart
Munfordville Medical Center,220 Interstate Plaza Rd STE D,Munfordville,KY,42765-8400,Hart
My Lyfe- Lindsey Wilson College,210 Lindsey Wilson St,Columbia,KY,42728-1223,Adair
New Highland Healthy Kids Clinic,110 W A Jenkins Rd,Elizabethtown,KY,42701-8451,Hardin
North Hardin High Healthy Kids Clinic,801 S Logsdon Pkwy,Radcliff,KY,40160-1931,Hardin
North Jackson Healthy Kids Clinic,2002 N Jackson Hwy,Glasgow,KY,42141-9095,Barren
North Middle Healthy Kids Clinic,100 Trojan Way,Radcliff,KY,40160-3405,Hardin
North Park Healthy Kids Clinic,1080 S Logsdon Pkwy,Radcliff,KY,40160-1818,Hardin
North Warren Elementary Healthy Kids Clinic,420 College St,Smiths Grove,KY,42171-8238,Warren
North Washington Healthy Kids Clinic,5658 Highway 433,Willisburg,KY,40078-7118,Washington
Northside Elementary Healthy Kids Clinic,500 Northside Dr,Midway,KY,40347-1106,Woodford
Oakland Elementary Healthy Kids Clinic,2494 Church St,Oakland,KY,42159-6809,Warren
Otter Creek Academy Healthy Kids Clinic,1440 Old Bethel Church Rd,Alpha,KY,42603-6204,Wayne
Panther Academy Healthy Kids Clinic,634 N Mulberry St,Elizabethtown,KY,42701-1939,Hardin
Park City Healthy Kids Clinic,45 Indian Mill Rd,Park City,KY,42160-7724,Barren
Pine Knot Intermediate Healthy Kids Clinic,6519 S Highway 1651,Pine Knot,KY,42635-9162,McCreary
Pine Knot Primary Healthy Kids Clinic,119 KY-2792,Pine Knot,KY,42635,McCreary
Plano Elementary Healthy Kids Clinic,2650 Plano Rd,Bowling Green,KY,42104-0374,Warren
Promise Community Health Care-Monticello,1025 S Main St,Monticello,KY,42633-2762,Wayne
Promise Community Health Center,341 Bogle St STE A,Somerset,KY,42503-2815,Pulaski
Promise Community Health Center,341 Bogle St STE D,Somerset,KY,42503-2815,Pulaski
Promise Community Health Center-Elizabethtown,2608 Ring Rd STE B107,Elizabethtown,KY,42701-7945,Hardin
Radcliff Healthy Kids Clinic,1145 S Dixie Blvd,Radcliff,KY,40160-1104,Hardin
Red Cross Healthy Kids Clinic,215 Parkview Dr,Glasgow,KY,42141-5005,Barren
Rich Pond Elementary Healthy Kids Clinic,530 Richpond Rd,Bowling Green,KY,42104-8716,Warren
Richardsville Elementary Healthy Kids Clinic,1775 Richardsville Rd,Bowling Green,KY,42101-0429,Warren
Rineyville Healthy Kids Clinic,275 Rineyville School Rd,Rineyville,KY,40162-9763,Hardin
Robert B. Turner Healthy Kids Clinic,1411 Fox Creek Rd,Lawrenceburg,KY,40342-9742,Anderson
Rockfield Elementary Healthy Kids Clinic,7597 Russellville Rd,Bowling Green,KY,42101-7328,Warren
Russell Administrative Annex #2,412 Dowell Rd,Russell Springs,KY,42642-4635,Russell
Russell County High Healthy Kids Clinic,2166 S Highway 127,Russell Springs,KY,42642-4010,Russell
Russell County Middle Healthy Kids Clinic,2258 S Highway 127,Russell Springs,KY,42642-4010,Russell
Russell Family Medical Center,404 Steve Dr,Russell Springs,KY,42642-4622,Russell
Russell Springs Healthy Kids Clinic,1554 N Highway 127,Russell Springs,KY,42642-9502,Russell
Safe Harbor Academy Healthy Kids Clinic,134 Macey Ave,Versailles,KY,40383-1316,Woodford
Saffell Street Healthy Kids Clinic,210 Saffell St,Lawrenceburg,KY,40342-1287,Anderson
Salem Healthy Kids Clinic,1409 S Highway 76,Russell Springs,KY,42642-9612,Russell
Second Street Healthy Kids Clinic,506 W 2nd St,Frankfort,KY,40601-2655,Franklin
Simmons Elementary Healthy Kids Clinic,830 Tyrone Pike,Versailles,KY,40383-1323,Woodford
Somerset Pediatric and Adolescent Associates,350 Langdon St,Somerset,KY,42503-2786,Pulaski
South Green Elementary Healthy Kids Clinic,300 James T Rogers Dr,Glasgow,KY,42141-2000,Barren
South Warren High Healthy Kids Clinic,8240 Nashville Rd,Bowling Green,KY,42101,Warren
South Warren Middle Healthy Kids Clinic,295 Richpond Rd,Bowling Green,KY,42104-8719,Warren
Southside Elementary Healthy Kids Clinic,1300 Troy Pike,Versailles,KY,40383-9642,Woodford
Stanford Healthy Kids Clinic,101 Old Fort Rd,Stanford,KY,40484-8540,Lincoln
Sunrise Glen Dale Center Healthy Kids Clinic,1030 Commerce Dr,Elizabethtown,KY,42701-1281,Hardin
Taylor County High Healthy Kids Clinic,2705 Hodgenville Rd,Campbellsville,KY,42718-9493,Taylor
Taylor County Intermediate Healthy Kids Clinic,1207 E Broadway St,Campbellsville,KY,42718-1578,Taylor
Taylor County Middle Healthy Kids Clinic,300 Ingram Ave,Campbellsville,KY,42718-1625,Taylor
Taylor County Primary Healthy Kids Clinic,106 Ingram Ave,Campbellsville,KY,42718-1621,Taylor
Temple Hill Healthy Kids Clinic,8788 Tompkinsville Rd,Glasgow,KY,42141-8824,Barren
TK Stone Middle Healthy Kids Clinic,323 Morningside Dr,Elizabethtown,KY,42701-1739,Hardin
Trojan Academy Healthy Kids Clinic,505 Trojan Trl,Glasgow,KY,42141-2214,Barren
Valley View Healthy Kids Clinic,701 Hawkins Dr,Elizabethtown,KY,42701-1041,Hardin
Vine Grove Healthy Kids Clinic,309 1st St,Vine Grove,KY,40175-1178,Hardin
Walker Healthy Kids Clinic,1080 S Main St,Monticello,KY,42633-2762,Wayne
Walnut Hill Healthy Kids Clinic,2834 S US 127,Liberty,KY,42539-8350,Casey
Warren Central High Healthy Kids Clinic,559 Morgantown Rd,Bowling Green,KY,42101-3603,Warren
Warren East High Healthy Kids Clinic,6867 Louisville Rd,Bowling Green,KY,42101-8015,Warren
Warren East Middle Healthy Kids Clinic,7031 Louisville Rd,Bowling Green,KY,42101-8417,Warren
Warren Elementary Healthy Kids Clinic,1846 Loop St,Bowling Green,KY,42101-3602,Warren
Washington County Elementary Healthy Kids Clinic,601 Lincoln Park Rd,Springfield,KY,40069-1501,Washington
Washington County High Healthy Kids Clinic,300 W US Highway 150 Byp,Springfield,KY,40069-8460,Washington
Washington County Middle Healthy Kids Clinic,603 Lincoln Park Rd,Springfield,KY,40069-1501,Washington
Wayne County High Healthy Kids Clinic,2 Kenny Davis Blvd,Monticello,KY,42633-9479,Wayne
Wayne County Middle Healthy Kids Clinic,95 Champion Dr,Monticello,KY,42633-5364,Wayne
Waynesburg Healthy Kids Clinic,345 KY Highway 328 W,Waynesburg,KY,40489-8205,Lincoln
Wellness on Wheels Medical Center,360 Keen St,Burkesville,KY,42717-7915,Cumberland
West Hardin Middle Healthy Kids Clinic,10471 Leitchfield Rd,Cecilia,KY,42724-9536,Hardin
West Marion Healthy Kids Clinic,8175 N Loretto Rd,Loretto,KY,40037-8069,Marion
Whitley City Healthy Kids Clinic,2819 N Highway 27,Whitley City,KY,42653-4045,McCreary
William H. Natcher Elementary Healthy Kids Clinic,1434 Cave Mill Rd,Bowling Green,KY,42104-4301,Warren
Women&#39;s Care of the Bluegrass,279 Kings Daughters Dr,Frankfort,KY,40601-6561,Franklin
Women&#39;s Care of the Bluegrass-Owenton,120 Progress Way,Owenton,KY,40359-6032,Owen
Women&#39;s Care of the Commonwealth-Harrodsburg,900 N College St,Harrodsburg,KY,40330-1089,Mercer
Women's Care of Lake Cumberland,333 Bogle St,Somerset,KY,42503-2873,Pulaski
Women's Care of the Commonwealth,333 S 3rd St,Danville,KY,40422-2016,Boyle
Women's Care of the Commonwealth,"321 S 3rd St, Ste B",Danville,KY,40422-2090,Boyle
Women’s Care of the Bluegrass/Versailles Pedia...,360 Amsden Ave STE 200,Versailles,KY,40383-1851,Woodford
Womens Care of the Bluegrass-Shelbyville,615 11th St,Shelbyville,KY,40065-1435,Shelby
Woodford County High Healthy Kids Clinic,180 Frankfort St,Versailles,KY,40383-1163,Woodford
Woodford County Middle Healthy Kids Clinic,100 School House Rd,Versailles,KY,40383-9551,Woodford
Woodland Healthy Kids Clinic,6000 S Woodland Dr,Radcliff,KY,40160-8761,Hardin
ROCKCASTLE FAMILY WELLNESS,140 Newcomb Ave,Mount Vernon,KY,40456-2725,Rockcastle
"Community Care Clinic, Inc.",126 Franklin Rd,Monticello,KY,42633-2245,Wayne
Faith Healthcare Administrative Office,521 Crane Rd,Somerset,KY,42501-9503,Pulaski
Hopkinsville Community Care,1841 Peartree Ln,Hopkinsville,KY,42240-4460,Christian
Nancy Family Care,9919 W Highway 80,Nancy,KY,42544-9003,Pulaski
Paintsville Community Care,236 College St,Paintsville,KY,41240-1098,Johnson
Science Hill Community Care,5775 N Highway 27 STE 6,Science Hill,KY,42553-9140,Pulaski
ST CLAIRE REGIONAL FAMILY MEDICINE-OWINGSVILLE,632 Slate Ave,Owingsville,KY,40360-2206,Bath
FAMILY PRACTICE CLINIC OF BOONEVILLE,200 Mulberry St STE A,Booneville,KY,41314-7505,Owsley
RED RIVER PEDIATRICS,321C E College Ave,Stanton,KY,40380-2325,Powell
ST CLAIRE REGIONAL FAMILY MEDICINE-OLIVE HILL,155 Bricklayer St,Olive Hill,KY,41164,Carter
Bourbon Central Elementary School Based Health,367 Bethlehem Rd,Paris,KY,40361-2493,Bourbon
Bourbon Co High School Based Health,3341 Lexington Rd,Paris,KY,40361-1038,Bourbon
Bourbon Co Middle School Based Health,3339 Lexington Rd,Paris,KY,40361-1038,Bourbon
Bourbon Co Preschool School Based Health,369 Bethlehem Rd,Paris,KY,40361-2493,Bourbon
Bowen Elementary School Based Health,5099 Campton Rd,Stanton,KY,40380-9731,Powell
Camargo Community Health Center,4307 Camargo Rd,Mount Sterling,KY,40353-8866,Montgomery
Cane Ridge Elementary School Based Health,8000 Martin Luther King Jr Blvd,Paris,KY,40361-2157,Bourbon
Clay City Elementary School Based Health,4901 Main St,Clay City,KY,40312-1138,Powell
Mapleton Community Health Center,809 Indian Mound Dr,Mount Sterling,KY,40353-1151,Montgomery
MCIS Community Health Center,1040 Maysville Rd,Mount Sterling,KY,40353-9337,Montgomery
McNabb Community Health Center,3570 Indian Mound Dr,Mount Sterling,KY,40353-1633,Montgomery
Montgomery County Community Health Center,724 Woodford Dr,Mt Sterling,KY,40353-9505,Montgomery
Montgomery Dental Center,635 Maysville Rd,Mount Sterling,KY,40353-9767,Montgomery
MSE Community Health Center,6601 Indian Mound Rd,Mount Sterling,KY,40353-8200,Montgomery
Nicholas County School Based Health,133 School Dr,Carlisle,KY,40311-1052,Nicholas
North Middletown Elementary School Based Health,301 College Rd,Paris,KY,40361-9575,Bourbon
Paris Elementary School Based Health,1481 S Main St,Paris,KY,40361-1270,Bourbon
Paris High School Based Health,308 W 7th St,Paris,KY,40361-1439,Bourbon
Paris Middle School School Based Health,304 W 7th St,Paris,KY,40361-1439,Bourbon
Powell Academy School Based Health,642 Rose Way,Stanton,KY,40380,Powell
Powell County High School Based Health,700 W College Ave,Stanton,KY,40380-2224,Powell
Powell County Middle School Based Health,770 W College Ave,Stanton,KY,40380-2224,Powell
Stanton Elementary School Based Health,651 Breckenridge St,Stanton,KY,40380-2018,Powell
Sterling Health Care - Administration,236 W Main St,Mt Sterling,KY,40353-1348,Montgomery
Sterling Health Care - Carlisle,1355 Concrete Rd,Carlisle,KY,40311,Nicholas
Sterling Health Care - Indian Mound,103 Commonwealth Dr,Mt Sterling,KY,40353-9644,Montgomery
Sterling Health Care - Mt. Sterling,633 Maysville Rd,Mount Sterling,KY,40353-9767,Montgomery
Sterling Health Care - Owingsville,44 Water St,Owingsville,KY,40360-8944,Bath
Sterling Health Care - Stanton,68 E Elkins St,Stanton,KY,40380-2311,Powell
Sterling Health Care - Urgent Treatment Center,506 Maysville Rd STE 2,Mount Sterling,KY,40353-9317,Montgomery
Sterling Health Care - Winchester,455 Bullion Blvd,Winchester,KY,40391-2933,Clark
Sterling Women's Care,635 Maysville Rd,Mount Sterling,KY,40353-9767,Montgomery
METHODIST FAMILY PRACTICE,1284 US Highway 60 W,Morganfield,KY,42437-6236,Union
KIDS KARE PEDIATRICS,420 N Loretto Rd STE 200,Lebanon,KY,40033-1630,Marion
APPALACHIAN FAMILY CARE,55 Cal Hill Spur,Pine Knot,KY,42635-9194,McCreary
FMC - Lexington,3301 Leestown Rd,Lexington,KY,40511-8702,Fayette
USP - McCreary,330 Federal Way,Pine Knot,KY,42635-7000,McCreary
FCI - Manchester,805 Fox Hollow Rd,Manchester,KY,40962-7923,Clay
FAMILY HEALTH CARE ASSOCIATES,359 Old US Highway 421 UNIT B,Manchester,KY,40962-7538,Clay
HOSKINS MEDICAL CENTER,1120 Reuben St,London,KY,40741-1074,Laurel
HOMETOWN CLINIC,96 Highway 80,Hyden,KY,41749,Leslie
"ONE CROSS HEALTH CLINIC, INC",106 Winston Way,Campbellsville,KY,42718-4953,Taylor
COUNTY LINE PRIMARY CARE,9221 Ky 15 S,Campton,KY,41301-9568,Breathitt
ARH CUMBERLAND VALLEY MEDICAL,80 Hospital Dr STE 2,Barbourville,KY,40906-7363,Knox
FAMILY & INTERNAL MEDICINE ASSOCIATES PLLC,325 W Walnut St STE 600,Lebanon,KY,40033-1378,Marion
"FAMILY HEALTH CARE CLINIC, PSC",1012 Center Dr,Richmond,KY,40475-3838,Madison
FAMILY HEALTH CARE ASSOCIATES 2,3331 US-421,Mc Kee,KY,40447,Jackson
FAMILY HEALTH CARE ASSOCIATES 4,4000 N US Highway 119,Baxter,KY,40806-8337,Harlan
FAMILY HEALTH CARE ASSOCIATES 3,1056 S Highway 27 STE 12,Somerset,KY,42501-2893,Pulaski
"FAMILY HEALTHCARE ASSOCIATES 8, LLC",305 Danville Ave,Stanford,KY,40484-1205,Lincoln
"MT STERLING PEDIATRICS, PSC",401 Commerce Cir,Mount Sterling,KY,40353-7815,Montgomery
June Buchanan Medical Clinic,59 Cowtown Rd,Hindman,KY,41822,Knott
North Fork Valley Community Health Center,750 Morton Blvd,Hazard,KY,41701-9469,Perry
Ronald McDonald Care Mobile,750 Morton Blvd,Hazard,KY,41701-9469,Perry
University of Kentucky,107 Main Building,Lexington,KY,40506-0001,Fayette
Trinity Family Health - Manchester,444 Manchester Sq,Manchester,KY,40962,Clay
Trinity Family Health Behavioral - Corbin,14949 N Us Highway 25 E STE 6,Corbin,KY,40701-6285,Knox
Trinity Family Health Primary Care - Corbin,14949 N Us Highway 25 E STE 3,Corbin,KY,40701-6285,Knox
"HOPE PRIMARY & URGENT CARE, PLLC",2157 S Highway 27,Stearns,KY,42647,McCreary
Eastern State Hospital,1350 Bull Lea Rd,Lexington,KY,40511-1247,Fayette
"SOUTHEAST FAMILY PRACTICE, PSC",12904 Robert L Madon Byp STE 2,Pineville,KY,40977-8063,Bell
CHILDREN'S CLINIC,223 River Dr,Irvine,KY,40336-1142,Estill
WILLIAMSBURG FAMILY MEDICINE CENTER,475 N Highway 25 W STE 100,Williamsburg,KY,40769-1576,Whitley
"BELL CLINIC, PLLC",105 Elk Fork Rd,Elkton,KY,42220-7218,Todd
NEW PATH MEDICAL CENTER,805 Burkesville St,Columbia,KY,42728-1655,Adair
"LONDON WOMEN'S CARE, LLC",803 Meyers Baker Rd STE 200,London,KY,40741-3040,Laurel
ADVENTHEALTH MCKEE CLINIC,241 Main St S,Mc Kee,KY,40447,Jackson
ADVENTHEALTH LONDON PARKWAY CLINIC,"102 Professional Dr, #2",London,KY,40741-8857,Laurel
JENNIE STUART MEDICAL GROUP,105 Keeton Dr,Hopkinsville,KY,42240-8756,Christian
GREETA CHAVDA MD,1739 Canton St,Hopkinsville,KY,42240-1991,Christian
"SOUTHERN KENTUCKY PRIMARY CARE, PSC",101 W 2nd St,Russellville,KY,42276-1302,Logan
"STEPWORKS RECOVERY CENTERS, LLC",201 Peterson Dr,Elizabethtown,KY,42701-9370,Hardin
COMPASSION SERVICES,140 Adams Ln,Pikeville,KY,41501-1480,Pike
DANVILLE PEDIATRICS MEDICAL GROUP PLLC,"303 S 4th St, Ste 100",Danville,KY,40422-2091,Boyle
LAWRENCEBURG PEDIATRICS,1180 Glensboro Rd,Lawrenceburg,KY,40342-9034,Anderson
TRU HEALTHCARE,1102 S Main St,London,KY,40741-1529,Laurel
COMPASSION PEDIATRICS OF WAYLAND,2643 King Kelly Coleman Hwy,Wayland,KY,41666,Floyd
